--- Job model.gms Start 02/13/26 13:00:20 52.4.0 d810124c WEX-WEI x86 64bit/MS Windows
--- Applying:
    E:\Apps\GAMS_LATEST\52\gmsprmNT.txt
--- GAMS Parameters defined
    Input C:\Users\wcl-1\AppData\Local\Temp\tmpwz00_bri\model.gms
    Output C:\Users\wcl-1\AppData\Local\Temp\tmpwz00_bri\output.lst
    ScrDir C:\Users\wcl-1\AppData\Local\Temp\tmpwz00_bri\225a\
    SysDir E:\Apps\GAMS_LATEST\52\
    CurDir C:\Users\wcl-1\AppData\Local\Temp\tmpwz00_bri\
    LogOption 3
    AppendLog 1
Licensee: David Bernal / SECQUOIA Research Group         G251008+0003Ac-GEN
          Purdue University, Davidson School of Chemical EngineeringDCE4838
          225a\gamslice.dat
          5a82958a-fbca-4a23
          node:23501303 mem:32 cores:14 ipport:54588 v:2                   
          Evaluation license: Not for commercial or production use
          The time-limited license stops working on : Jun 30, 2027
System information: 14 physical cores and 32 Gb physical memory detected
GAMS 52.4.0   Copyright (C) 1987-2026 GAMS Development. All rights reserved
--- Starting compilation
--- model.gms(4264) 2 Mb
--- $echo File C:\Users\wcl-1\AppData\Local\Temp\tmpwz00_bri\dicopt.opt
--- model.gms(6319) 3 Mb
--- Starting execution: elapsed 0:00:00.032
--- model.gms(4263) 4 Mb
--- Generating MINLP model GAMS_MODEL
--- model.gms(4270) 6 Mb
--- Reset Solvelink = 2
---   1,421 rows  575 columns  5,941 non-zeroes
---   9,269 nl-code  1,365 nl-non-zeroes
---   27 discrete-columns
--- Range statistics (absolute non-zero finite values)
--- RHS       [min, max] : [ 1.000E+00, 2.000E+06] - Zero values observed as well
--- Bound     [min, max] : [ 1.000E+00, 3.000E+02] - Zero values observed as well
--- Matrix    [min, max] : [ 5.000E-02, 1.000E+06] - Zero values observed as well
--- model.gms(4270) 4 Mb
--- Executing DICOPT (Solvelink=2): elapsed 0:00:00.049
-------------------------------------------------------------------------------
Dicopt 2         52.4.0 d810124c Jan 14, 2026          WEI x86 64bit/MS Window
-------------------------------------------------------------------------------
Reading parameter(s) from "C:\Users\wcl-1\AppData\Local\Temp\tmpwz00_bri\dicopt.opt"
>>  stop 1
Finished reading from "C:\Users\wcl-1\AppData\Local\Temp\tmpwz00_bri\dicopt.opt"

--- DICOPT: Starting major iteration 1
--- DICOPT: Setting up first (relaxed) NLP.

CONOPT 4         52.4.0 d810124c Jan 14, 2026          WEI x86 64bit/MS Window

 
 
    C O N O P T   version 4.39.0
    Copyright (C) GAMS Software GmbH
                  GAMS Development Corporation
 
    Will use up to 4 threads.
 
 
    The user model has 1421 constraints and 575 variables
    with 5941 Jacobian elements, 1365 of which are nonlinear.
    The Hessian of the Lagrangian has 273 elements on the diagonal,
    0 elements below the diagonal, and 273 nonlinear variables.
 
    Iter Phase   Ninf   Infeasibility   RGmax      NSB   Step  InItr MX OK
       0   0          2.0000000000E+01 (Input point)
 
    The pre-triangular part of the model has 226 constraints and 14 variables.
    The post-triangular part of the model has 2 constraints and variables.
 
    Preprocessed model has 1193 constraints and 559 variables
    with 4830 Jacobian elements, 908 of which are nonlinear.
 
    Iter Phase   Ninf   Infeasibility   RGmax      NSB   Step  InItr MX OK
                      2.7107129932E+04 (Full preprocessed model)
                      4.4452563721E+00 (After scaling)
                      1.6146989833E-01 (After adjusting individual variables)
       1   0          5.3973648604E-02                 1.0E+00     1 T  T
       2   0          5.3640765559E-02                 1.0E+00     1 T  T
       3   0          5.3640763654E-02                 1.0E+00     1 T  T
       4   1      87  4.3802172959E-02 2.1E+01      25 1.0E+00    25 T  T
       5   1      87  3.3785286694E-02 8.3E+01      25 1.0E+00    25 T  T
       6   1      86  2.0534242964E-02 1.8E+02      33 1.0E+00    35 T  T
       7   1      86  7.8437089550E-03 2.2E+03      12 6.7E-01    12 F  F
 
    Iter Phase   Ninf   Infeasibility   RGmax      NSB   Step  InItr MX OK
       8   1      86  7.1609321128E-03 4.6E+02      19 1.0E-01    19 T  T
       9   1      86  6.0965533648E-03 3.0E+02      16 1.8E-01    22 T  T
      10   1      82  4.1179870177E-03 1.2E+02      22 1.0E+00    25 T  T
      11   1      77  2.5766057992E-03 1.4E+01      20 1.0E+00    25 T  T
      12   1      77  2.4005364192E-03 8.4E+01      26 1.0E-01    34 T  T
      13   1      76  2.1378734414E-03 2.2E+01      72 1.0E+00    25 T  T
      14   1      76  2.1192173829E-03 1.1E+01      72 2.5E-02    35 T  T
      15   1      76  2.0347066622E-03 1.0E+01      71 1.0E+00    10 T  T
      16   1      72  1.5792930351E-03 1.1E+01      66 1.0E+00    13 T  T
      17   1      70  1.0855803818E-03 1.5E+01      10 1.0E+00    19 T  T
 
    Iter Phase   Ninf   Infeasibility   RGmax      NSB   Step  InItr MX OK
      18   1      70  7.9571944301E-04 1.5E+01      13 6.6E-01    19 F  F
      19   1      60  6.6469898582E-04 9.0E+01      12 1.0E+00    23 T  T
      20   1      46  4.2825994649E-04 6.8E+00      19 1.0E+00    27 T  T
      21   1      36  2.6649190905E-04 5.7E+00      20 1.0E+00    44 T  T
      22   1      22  4.8528065320E-05 2.6E+00      33 1.0E+00    42 T  T
      23   1       1  7.3692695296E-06 1.3E+02      26 1.0E+00    37 T  T
 
 ** Feasible solution. Value of objective =  -0.914917513380
 
    Iter Phase   Ninf     Objective     RGmax      NSB   Step  InItr MX OK
      24   3         -9.7446153898E+00 3.2E+02      16 1.0E+00     7 T  T
      25   3         -1.3327215033E+01 1.8E+03      21 7.1E-01    25 T  T
      26   3         -1.6426160525E+01 1.9E+03      22 1.0E+00    24 T  T
      27   3         -2.0621061150E+01 3.1E-01      10 9.8E-01    15 T  T
      28   3         -2.2951892024E+01 2.7E-01      12 9.6E-01    13 T  T
      29   3         -2.5813781982E+01 1.7E+02      14 1.0E+00    18 T  T
      30   3         -2.8332987411E+01 2.3E+00      17 1.0E+00    14 T  T
      31   3         -3.1794737384E+01 2.3E+00      20 1.0E+00    19 T  T
      32   3         -3.3879329676E+01 1.4E+02       7 7.4E-01    12 T  T
      33   3         -3.6697898289E+01 2.4E-01      11 1.0E+00    11 T  T
 
    Iter Phase   Ninf     Objective     RGmax      NSB   Step  InItr MX OK
      34   3         -4.3381897444E+01 2.3E+00      16 9.9E-01    16 T  T
      35   3         -4.9114381016E+01 2.3E+00      20 1.0E+00    23 T  T
      36   3         -5.1628747074E+01 2.5E-01       7 8.7E-01     7 T  T
      37   3         -5.7213108872E+01 2.4E-01      12 9.8E-01    12 T  T
      38   3         -6.0400523476E+01 2.8E-01      14 9.9E-01    17 T  T
      39   3         -6.2941191387E+01 2.3E+00      19 9.5E-01    15 T  T
      40   3         -6.8548885819E+01 2.3E+00      22 1.0E+00    19 T  T
      41   3         -7.2236844892E+01 1.9E-01       9 9.8E-01    12 T  T
      42   3         -7.2613802339E+01 2.6E-01      11 2.1E-01    10 F  F
      43   3         -7.8701592638E+01 2.7E-01      15 1.0E+00    14 T  T
 
    Iter Phase   Ninf     Objective     RGmax      NSB   Step  InItr MX OK
      44   3         -8.2447681016E+01 2.8E-01      10 1.0E+00    10 T  T
      45   3         -8.5738835134E+01 1.5E+00       7 1.0E+00     9 T  T
      46   3         -8.9134532024E+01 1.9E-01       7 1.0E+00     6 T  T
      47   3         -9.1479293652E+01 8.7E+01       7 9.5E-01    10 T  T
      48   3         -9.5084003845E+01 2.7E-01      10 9.4E-01    13 T  T
      49   3         -9.9284870431E+01 2.8E-01      16 1.0E+00    17 T  T
      50   3         -1.0501342212E+02 2.3E+00      20 1.0E+00    21 T  T
      51   3         -1.0901382538E+02 2.5E-01       9 1.0E+00    10 T  T
      52   3         -1.1244768102E+02 2.7E-01       7 1.0E+00    10 T  T
      53   3         -1.1578099281E+02 1.9E-01       7 1.0E+00     7 T  T
 
    Iter Phase   Ninf     Objective     RGmax      NSB   Step  InItr MX OK
      54   3         -1.1895470774E+02 2.5E-01       9 1.0E+00    12 T  T
      55   3         -1.2362154893E+02 2.0E+00       8 1.0E+00    10 T  T
      56   3         -1.2902490571E+02 2.1E-01      10 1.0E+00    13 T  T
      57   3         -1.3135412077E+02 2.6E-01       8 7.7E-01    11 T  T
      58   3         -1.3637959775E+02 2.2E+00      14 1.0E+00    12 T  T
      59   3         -1.4192613941E+02 1.8E-01      11 1.0E+00    12 T  T
      60   3         -1.4752434892E+02 1.5E-01      11 1.0E+00    13 T  T
      61   3         -1.5328804109E+02 4.3E-01      12 1.0E+00    13 T  T
      62   3         -1.5911438102E+02 2.0E-01      10 1.0E+00    15 T  T
      63   3         -1.6244768102E+02 1.5E+00       6 1.0E+00     7 T  T
 
    Iter Phase   Ninf     Objective     RGmax      NSB   Step  InItr MX OK
      64   3         -1.6576478152E+02 2.5E-01       8 1.0E+00     7 T  T
      65   3         -1.7220457640E+02 2.7E-01      10 1.0E+00     9 T  T
      66   3         -1.7602713410E+02 2.0E-01       7 1.0E+00     7 T  T
      67   3         -1.7949800645E+02 2.2E-01       9 1.0E+00     9 T  T
      68   3         -1.8575726514E+02 1.2E+00      13 1.0E+00    14 T  T
      69   3         -1.9496532872E+02 5.5E-01      14 1.0E+00    14 T  T
      70   3         -1.9875666482E+02 2.0E-01       8 1.0E+00    13 T  T
      71   3         -2.0118693446E+02 1.7E-01       4 1.0E+00     4 T  T
      72   4         -2.0118693446E+02 0.0E+00       0
 
 ** Optimal solution. There are no superbasic variables.
 
--- DICOPT: Setting up first MIP

IBM ILOG CPLEX   52.4.0 d810124c Jan 14, 2026          WEI x86 64bit/MS Window

--- GAMS/CPLEX licensed for continuous and discrete problems.
--- GMO setup time: 0.00s
--- Space for names approximately 0.05 Mb
--- Use option 'names no' to turn use of names off
--- GMO memory 0.85 Mb (peak 0.86 Mb)
--- Dictionary memory 0.00 Mb
--- Cplex 22.1.2.0 link memory 0.05 Mb (peak 0.21 Mb)
--- Starting Cplex

Version identifier: 22.1.2.0 | 2024-11-25 | 0edbb82fd
CPXPARAM_Advance                                 0
CPXPARAM_MIP_Display                             4
CPXPARAM_MIP_Pool_Capacity                       0
CPXPARAM_TimeLimit                               899.625
CPXPARAM_MIP_Tolerances_AbsMIPGap                0
CPXPARAM_MIP_Tolerances_MIPGap                   0
Generic callback                                 0x50
Tried aggregator 3 times.
MIP Presolve eliminated 1053 rows and 1032 columns.
MIP Presolve modified 1 coefficients.
Aggregator did 8 substitutions.
Reduced MIP has 360 rows, 630 columns, and 1617 nonzeros.
Reduced MIP has 0 binaries, 0 generals, 0 SOSs, and 0 indicators.
Presolve time = 0.00 sec. (2.11 ticks)
Tried aggregator 1 time.
Detecting symmetries...
Reduced MIP has 360 rows, 630 columns, and 1617 nonzeros.
Reduced MIP has 0 binaries, 0 generals, 0 SOSs, and 0 indicators.
Presolve time = 0.00 sec. (0.90 ticks)
MIP emphasis: balance optimality and feasibility.
MIP search method: dynamic search.
Parallel mode: deterministic, using up to 18 threads.
Initializing dual steep norms . . .

Iteration log . . .
Iteration:     1   Dual objective     =          -228.809226
Iteration:    64   Dual objective     =          -210.284001
Root relaxation solution time = 0.00 sec. (1.18 ticks)

        Nodes                                         Cuts/
   Node  Left     Objective  IInf  Best Integer    Best Bound    ItCnt     Gap

*     0     0      integral     0     -201.1869     -201.1869       93    0.00%
Elapsed time = 0.00 sec. (4.78 ticks, tree = 0.00 MB)
Found incumbent of value -201.186934 after 0.00 sec. (4.78 ticks)

Root node processing (before b&c):
  Real time             =    0.00 sec. (4.81 ticks)
Parallel b&c, 18 threads:
  Real time             =    0.00 sec. (0.00 ticks)
  Sync time (average)   =    0.00 sec.
  Wait time (average)   =    0.00 sec.
                          ------------
Total (root+branch&cut) =    0.00 sec. (4.81 ticks)

--- MIP status (101): integer optimal solution.
--- Cplex Time: 0.00sec (det. 4.82 ticks)

--- Returning a primal only solution to GAMS (marginals all set to NA).
--- Fixing integer variables and solving final LP...

Version identifier: 22.1.2.0 | 2024-11-25 | 0edbb82fd
CPXPARAM_Advance                                 2
CPXPARAM_MIP_Display                             4
CPXPARAM_MIP_Pool_Capacity                       0
CPXPARAM_TimeLimit                               899.625
CPXPARAM_MIP_Tolerances_AbsMIPGap                0
CPXPARAM_MIP_Tolerances_MIPGap                   0
Tried aggregator 1 time.
LP Presolve eliminated 1059 rows and 1038 columns.
Aggregator did 2 substitutions.
Reduced LP has 360 rows, 630 columns, and 1617 nonzeros.
Presolve time = 0.00 sec. (1.50 ticks)
Initializing dual steep norms . . .

Iteration log . . .
Iteration:     1   Dual objective     =          -228.809226
Iteration:    64   Dual objective     =          -210.284001

--- Fixed MIP status (1): optimal.
--- Cplex Time: 0.00sec (det. 3.39 ticks)


Proven optimal solution
MIP Solution:         -201.186934    (93 iterations, 0 nodes)
Final Solve:          -201.186934    (93 iterations)

Best possible:        -201.186934
Absolute gap:            0.000000
Relative gap:            0.000000

--- DICOPT: Starting major iteration 2
--- DICOPT: Setting up next NLP

CONOPT 4         52.4.0 d810124c Jan 14, 2026          WEI x86 64bit/MS Window

 
 
    C O N O P T   version 4.39.0
    Copyright (C) GAMS Software GmbH
                  GAMS Development Corporation
 
    Will use up to 4 threads.
 
 
    The user model has 1421 constraints and 575 variables
    with 5941 Jacobian elements, 1365 of which are nonlinear.
    The Hessian of the Lagrangian has 273 elements on the diagonal,
    0 elements below the diagonal, and 273 nonlinear variables.
 
    Iter Phase   Ninf   Infeasibility   RGmax      NSB   Step  InItr MX OK
       0   0          6.1803097675E+03 (Input point)
 
    The pre-triangular part of the model has 602 constraints and 28 variables.
    The post-triangular part of the model has 1 constraints and variables.
 
    Preprocessed model has 818 constraints and 546 variables
    with 2987 Jacobian elements, 544 of which are nonlinear.
 
    Iter Phase   Ninf   Infeasibility   RGmax      NSB   Step  InItr MX OK
                      2.6972494098E+04 (Full preprocessed model)
                      6.5636464188E+00 (After scaling)
                      1.5390949625E-01 (After adjusting individual variables)
       1   0          5.0782412577E-02                 1.0E+00     1 T  T
       2   0          5.0780129953E-02                 1.0E+00     1 T  T
       3   0          5.0780129609E-02                 1.0E+00     1 T  T
       4   1     266  4.3839083896E-02 2.1E+01      25 1.0E+00    25 T  T
       5   1     266  3.3883863118E-02 7.3E+01      25 1.0E+00    25 T  T
       6   1     265  2.1660394535E-02 6.0E+01      32 1.0E+00    35 T  T
       7   1     264  5.2864584085E-03 2.0E+01      14 8.0E-01    13 T  T
 
    Iter Phase   Ninf   Infeasibility   RGmax      NSB   Step  InItr MX OK
       8   1     263  3.6573246677E-03 1.1E+02      29 6.1E-01    25 T  T
       9   1     216  2.1255436521E-03 1.7E+01      49 1.0E+00    25 T  T
      10   1     191  1.5795755488E-03 7.5E+00      26 1.0E+00    25 T  T
      11   1     166  1.2995212882E-03 5.5E+00      25 1.0E+00    25 T  T
      12   1     137  1.2987718132E-03 2.7E-01      28 1.0E+00    28 T  T
      13   1      99  1.2845547243E-03 1.0E+00      38 1.0E+00    39 T  T
      14   1      99  1.1442414475E-03 2.7E+00      54 1.5E-01    55 T  T
      16   1      89  9.0673878255E-04 7.2E+01      27 1.0E+00    26 T  T
      17   1      56  3.2204997295E-04 1.0E+01      50 1.0E+00    28 T  T
      18   1      41  3.0109064828E-04 5.5E+01      26 1.0E+00    29 T  T
 
    Iter Phase   Ninf   Infeasibility   RGmax      NSB   Step  InItr MX OK
      19   1      32  1.3191696644E-04 3.9E+01      16 1.0E+00    41 T  T
      20   1      19  1.6804791715E-05 1.1E+00      19 1.0E+00    20 T  T
      21   1       3  2.5190734538E-06 1.0E+00       6 1.0E+00     6 T  T
 
 ** Feasible solution. Value of objective =   -12.7412784715
 
    Iter Phase   Ninf     Objective     RGmax      NSB   Step  InItr MX OK
      22   4         -1.2741278471E+01 0.0E+00       0
 
 ** Optimal solution. There are no superbasic variables.
 
--- DICOPT: Checking convergence
--- DICOPT: Setting up next MIP
--- GMO Resort Time 0ms
--- DICOPT: Log File:
 Major Major     Objective    CPU time  Itera- Evaluation Solver
 Step  Iter       Function     (Sec)    tions   Errors
  NLP    1      -201.18693      0.38       72      0      conopt
  MIP    1      -201.18693      0.00       93      0      cplex
  NLP    2       -12.74128<     0.06       22      0      conopt

IBM ILOG CPLEX   52.4.0 d810124c Jan 14, 2026          WEI x86 64bit/MS Window

--- GAMS/CPLEX licensed for continuous and discrete problems.
--- GMO setup time: 0.00s
--- Space for names approximately 0.09 Mb
--- Use option 'names no' to turn use of names off
--- GMO memory 1.60 Mb (peak 1.62 Mb)
--- Dictionary memory 0.00 Mb
--- Cplex 22.1.2.0 link memory 0.08 Mb (peak 0.37 Mb)
--- Starting Cplex

Version identifier: 22.1.2.0 | 2024-11-25 | 0edbb82fd
CPXPARAM_Advance                                 0
CPXPARAM_MIP_Display                             4
CPXPARAM_MIP_Pool_Capacity                       0
CPXPARAM_TimeLimit                               899.56200000000001
CPXPARAM_MIP_Tolerances_AbsMIPGap                0
CPXPARAM_MIP_Tolerances_MIPGap                   0
Generic callback                                 0x50
Tried aggregator 3 times.
MIP Presolve eliminated 2055 rows and 2033 columns.
MIP Presolve modified 721 coefficients.
Aggregator did 9 substitutions.
Reduced MIP has 451 rows, 722 columns, and 2139 nonzeros.
Reduced MIP has 0 binaries, 0 generals, 0 SOSs, and 0 indicators.
Presolve time = 0.00 sec. (4.64 ticks)
Tried aggregator 1 time.
Detecting symmetries...
MIP Presolve eliminated 4 rows and 0 columns.
Reduced MIP has 447 rows, 718 columns, and 2127 nonzeros.
Reduced MIP has 0 binaries, 0 generals, 0 SOSs, and 0 indicators.
Presolve time = 0.00 sec. (1.09 ticks)
MIP emphasis: balance optimality and feasibility.
MIP search method: dynamic search.
Parallel mode: deterministic, using up to 18 threads.
Initializing dual steep norms . . .

Iteration log . . .
Iteration:     1   Dual objective     =          -108.645568
Iteration:    66   Dual objective     =           -89.513040
Root relaxation solution time = 0.00 sec. (1.38 ticks)

        Nodes                                         Cuts/
   Node  Left     Objective  IInf  Best Integer    Best Bound    ItCnt     Gap

*     0     0      integral     0      -81.1795      -81.1795       94    0.00%
Elapsed time = 0.00 sec. (7.92 ticks, tree = 0.00 MB)
Found incumbent of value -81.179475 after 0.00 sec. (7.92 ticks)

Root node processing (before b&c):
  Real time             =    0.00 sec. (7.97 ticks)
Parallel b&c, 18 threads:
  Real time             =    0.00 sec. (0.00 ticks)
  Sync time (average)   =    0.00 sec.
  Wait time (average)   =    0.00 sec.
                          ------------
Total (root+branch&cut) =    0.00 sec. (7.97 ticks)

--- MIP status (101): integer optimal solution.
--- Cplex Time: 0.00sec (det. 7.98 ticks)

--- Returning a primal only solution to GAMS (marginals all set to NA).
--- Fixing integer variables and solving final LP...

Version identifier: 22.1.2.0 | 2024-11-25 | 0edbb82fd
CPXPARAM_Advance                                 2
CPXPARAM_MIP_Display                             4
CPXPARAM_MIP_Pool_Capacity                       0
CPXPARAM_TimeLimit                               899.56200000000001
CPXPARAM_MIP_Tolerances_AbsMIPGap                0
CPXPARAM_MIP_Tolerances_MIPGap                   0
Tried aggregator 1 time.
LP Presolve eliminated 2061 rows and 2039 columns.
Aggregator did 3 substitutions.
Reduced LP has 451 rows, 722 columns, and 2139 nonzeros.
Presolve time = 0.02 sec. (2.50 ticks)
Initializing dual steep norms . . .

Iteration log . . .
Iteration:     1   Dual objective     =          -108.751010
Iteration:    66   Dual objective     =           -89.513040

--- Fixed MIP status (1): optimal.
--- Cplex Time: 0.02sec (det. 5.11 ticks)


Proven optimal solution
MIP Solution:          -81.179475    (94 iterations, 0 nodes)
Final Solve:           -81.179475    (94 iterations)

Best possible:         -81.179475
Absolute gap:           -0.000000
Relative gap:           -0.000000

--- DICOPT: Starting major iteration 3
--- DICOPT: Setting up next NLP

CONOPT 4         52.4.0 d810124c Jan 14, 2026          WEI x86 64bit/MS Window

 
 
    C O N O P T   version 4.39.0
    Copyright (C) GAMS Software GmbH
                  GAMS Development Corporation
 
    Will use up to 4 threads.
 
 
    The user model has 1421 constraints and 575 variables
    with 5941 Jacobian elements, 1365 of which are nonlinear.
    The Hessian of the Lagrangian has 273 elements on the diagonal,
    0 elements below the diagonal, and 273 nonlinear variables.
 
    Iter Phase   Ninf   Infeasibility   RGmax      NSB   Step  InItr MX OK
       0   0          1.4529124983E+07 (Input point)
 
    The pre-triangular part of the model has 602 constraints and 28 variables.
    The post-triangular part of the model has 1 constraints and variables.
 
    Preprocessed model has 818 constraints and 546 variables
    with 2987 Jacobian elements, 544 of which are nonlinear.
 
    Iter Phase   Ninf   Infeasibility   RGmax      NSB   Step  InItr MX OK
                      8.0875669486E+04 (Full preprocessed model)
                      2.5065264799E+00 (After scaling)
                      2.5710443255E-01 (After adjusting individual variables)
       1   0          1.5407534015E-01                 1.0E+00     3 T  T
       2   0          1.5395157505E-01                 1.0E+00     1 T  T
       3   0          1.5394999325E-01                 1.0E+00     1 T  T
       4   1     270  1.4780169175E-01 2.2E+01      25 1.0E+00    25 T  T
       5   1     270  1.3900451240E-01 7.7E+01      33 4.9E-01    35 T  T
       6   1     267  1.2424560268E-01 1.5E+02      24 1.0E+00    25 T  T
       7   1     267  1.1477743384E-01 3.0E+02      24 1.0E+00    25 T  T
 
    Iter Phase   Ninf   Infeasibility   RGmax      NSB   Step  InItr MX OK
       8   1     267  1.0309307290E-01 5.0E+02      34 9.7E-01    35 T  T
       9   1     266  9.3655873029E-02 5.4E+02      25 1.0E+00    25 T  T
      10   1     265  7.7965353340E-02 8.9E+02      30 8.4E-01    35 F  F
      11   1     265  6.6278323444E-02 1.3E+02      25 9.3E-01    25 T  T
      12   1     263  6.0174489845E-02 2.0E+02      22 1.0E+00    25 T  T
      13   1     261  5.0035280004E-02 3.9E+01      30 1.0E+00    35 T  T
      14   1     259  3.1061707308E-02 1.1E+02      36 4.8E-01    45 T  T
      15   1     259  2.6154926609E-02 1.2E+02      22 2.5E-01    25 T  T
      16   1     256  2.3833474618E-02 1.2E+02      17 1.0E+00    25 T  T
      17   1     251  1.7077204269E-02 4.2E+02      24 1.0E+00    32 T  T
 
    Iter Phase   Ninf   Infeasibility   RGmax      NSB   Step  InItr MX OK
      18   1     247  1.1380757390E-02 1.7E+01      38 6.2E-01    49 T  T
      19   1     245  1.0460855976E-02 1.1E+01     223 1.0E+00    25 T  T
      20   1     242  1.0150892039E-02 2.0E+01      31 1.2E-01    35 T  T
      21   1     238  9.4178165664E-03 1.1E+01      30 1.0E+00    25 T  T
      22   1     238  9.2357628480E-03 1.7E+01     220 8.8E-02    35 T  T
      23   1     234  9.1471627532E-03 7.2E+00     219 1.0E+00     9 T  T
      24   1     230  8.3838074440E-03 1.6E+02      16 1.0E+00    14 T  T
      25   1     227  6.0908679937E-03 1.5E+02      23 1.0E+00    19 T  T
      26   1     224  4.8480546487E-03 1.5E+02      15 1.0E+00    19 T  T
      27   1     216  3.9141581605E-03 7.4E+00      17 5.9E-01    19 F  F
 
    Iter Phase   Ninf   Infeasibility   RGmax      NSB   Step  InItr MX OK
      28   1     210  3.3088787316E-03 1.5E+01      21 1.0E+00    24 T  T
      29   1     210  3.2877774267E-03 5.4E+00      24 2.4E-02    35 T  T
      30   1     207  3.1454065346E-03 6.8E+01      12 1.0E+00    10 T  T
      31   1     197  3.0738777414E-03 1.3E+01      13 1.0E+00    11 T  T
      32   1     181  2.2756866374E-03 2.1E+01      22 1.0E+00    18 T  T
      33   1     181  2.2748648751E-03 2.1E+02      13 2.1E-02    13 T  T
      34   1     181  2.2748586968E-03 5.6E+01      21 0.0E+00     7 F  F
      35   0          2.2748772067E-03                 2.2E-03
      37   1     181  2.0889299954E-03 7.7E+00     266 1.0E+00     6 T  T
      38   1     180  2.0385391875E-03 3.9E+02       5 1.0E+00     4 T  T
      39   1     178  1.8354782412E-03 3.7E+00      14 1.0E+00    17 T  T
 
    Iter Phase   Ninf   Infeasibility   RGmax      NSB   Step  InItr MX OK
      40   1     162  1.3840412096E-03 7.1E+00      24 1.0E+00    20 T  T
      41   1     154  1.1777791701E-03 3.3E+02      18 1.0E+00    36 T  T
      42   1     136  9.0208417368E-04 8.3E+00      18 1.0E+00    49 T  T
      43   1     128  4.8879509982E-04 1.8E+02      47 1.0E+00    58 T  T
      44   1      91  4.8156326390E-04 6.8E+01      56 1.9E-02    66 T  T
      45   1      74  3.5352734611E-04 2.0E+00      25 1.0E+00    10 T  T
      46   1      60  1.3555004956E-04 1.9E+00      33 1.0E+00    14 T  T
      47   1      51  1.1798467004E-04 1.6E+00      22 3.5E-01    19 F  T
      48   1      40  8.3174115010E-05 5.1E+01      28 5.5E-01    17 F  F
      49   1      28  6.4944062401E-05 7.7E+00      18 1.0E+00    22 T  T
 
    Iter Phase   Ninf   Infeasibility   RGmax      NSB   Step  InItr MX OK
      50   1      28  6.4941842159E-05 1.6E+00       6 1.0E+00    29 T  T
      51   1      24  6.1236819861E-05 9.1E+01      47 1.0E+00    12 T  T
      52   1      24  6.1201153599E-05 1.1E+01      28 1.5E-02     8 T  T
      53   1      22  5.6335691750E-05 5.7E+00      10 1.0E+00    10 T  T
      54   1      21  5.4946128859E-05 7.5E+00      15 1.0E+00    12 T  T
      55   1      21  5.4945963592E-05 1.3E-01      27 1.0E+00    19 T  T
      56   1      18  4.7048550784E-05 2.9E+00      12 1.0E+00     3 T  T
      57   1      18  4.6957506559E-05 1.1E+01      18 3.6E-02    11 T  T
      59   1      18  4.7055816323E-05 4.6E+01       4 1.5E-18     6 F  F
      60   1      18  4.7057495694E-05 5.5E+00      41 1.0E+00     4 T  T
 
    Iter Phase   Ninf   Infeasibility   RGmax      NSB   Step  InItr MX OK
      61   1      12  3.2390151690E-05 1.0E+00      39 1.0E+00     7 T  T
      62   1       8  2.2207081146E-05 9.0E+00       5 1.0E+00     6 T  T
      63   1       6  1.8755872754E-05 2.6E+02      63 1.0E+00    22 T  T
      64   1       3  8.5860442246E-06 2.9E+01      38 1.0E+00     5 T  T
      65   1       3  8.5861492259E-06 1.0E+00       2 0.0E+00       T  T
      66   1       3  8.5949019009E-06 1.0E+00       1 0.0E+00       T  T
      67   1       3  8.5949413486E-06 1.8E+01       1 0.0E+00       T  T
      68   1       3  8.5949413486E-06 1.4E+01       1 0.0E+00       T  T
      69   1       3  8.5949413486E-06 1.2E+01       1 0.0E+00       T  T
      70   1       3  8.5949413486E-06 4.1E+00       1 0.0E+00       T  T
 
    Iter Phase   Ninf   Infeasibility   RGmax      NSB   Step  InItr MX OK
      71   1       3  8.5949413486E-06 3.6E+00       1 0.0E+00       T  T
      72   1       3  8.5949413486E-06 1.5E+00       1 0.0E+00       T  T
      73   1       3  5.6952759500E-06 5.2E-04       1 1.1E+01       T  T
      74   1       2  5.0178023807E-06 5.2E-04       1 2.6E+00       T  T
      75   1       1  2.5463278191E-06 4.2E-04       5 1.4E+01       T  T
      76   1       1  2.5430704318E-06 6.1E-02      27 0.0E+00       T  T
      77   1       1  2.5430704318E-06 6.1E-02      26 0.0E+00       T  T
      78   1       1  2.5430829150E-06 6.1E-02      25 0.0E+00       T  T
      79   1       1  2.5430829150E-06 6.1E-02      24 0.0E+00       T  T
      80   1       1  2.5430829150E-06 6.1E-02      23 0.0E+00       T  T
 
    Iter Phase   Ninf   Infeasibility   RGmax      NSB   Step  InItr MX OK
      81   1       1  2.5430829150E-06 6.1E-02      22 0.0E+00       T  T
      82   1       1  2.5430704318E-06 6.1E-02      21 0.0E+00       T  T
      83   1       1  2.5430829150E-06 6.1E-02      20 0.0E+00       T  T
      84   1       1  2.5430704318E-06 6.1E-02      19 0.0E+00       T  T
      85   1       1  2.5430829150E-06 6.1E-02      18 0.0E+00       T  T
      86   1       1  2.5430829150E-06 6.1E-02      17 0.0E+00       T  T
      87   1       1  2.5430704318E-06 6.1E-02      16 0.0E+00       T  T
      88   1       1  2.5430829150E-06 6.1E-02      15 0.0E+00       T  T
      89   1       1  2.5430829150E-06 6.1E-02      14 0.0E+00       T  T
      90   1       1  2.5430829150E-06 6.1E-02      13 0.0E+00       T  T
 
    Iter Phase   Ninf   Infeasibility   RGmax      NSB   Step  InItr MX OK
      91   1       1  2.5430704318E-06 6.1E-02      12 0.0E+00       T  T
      92   1       1  2.5430829150E-06 6.1E-02      11 0.0E+00       T  T
      93   1       1  2.5430704318E-06 6.1E-02      10 0.0E+00       T  T
      94   1       1  2.5430704318E-06 6.1E-02       9 0.0E+00       T  T
      95   1       1  2.5430611364E-06 6.1E-02       8 1.5E-09       T  T
      96   1       1  2.5430645405E-06 4.2E-02       7 9.8E-10       T  T
 
 ** Feasible solution. Value of objective =   -6.56144411602
 
 ** Loss of feasibility while tightening tolerances - Return to phase 0.
 
    Iter Phase   Ninf   Infeasibility   RGmax      NSB   Step  InItr MX OK
     100   0          1.2590659451E-07
     101   1      11  1.2556464925E-07 2.1E-01      31 0.0E+00       T  T
     106   1      11  1.2556464929E-07 1.0E-01      26 0.0E+00       T  T
     111   1      11  1.2556464931E-07 6.8E-02      21 0.0E+00       T  T
     116   1      11  1.2556464931E-07 2.3E-02      16 0.0E+00       T  T
     121   1       9  5.6263769075E-08 2.6E-06      11 1.5E+02       T  T
     124   1       1  3.5929148167E-09 1.1E+00      22 1.0E+00    15 T  T
 
 ** Feasible solution. Value of objective =   -6.56458641110
 
    Iter Phase   Ninf     Objective     RGmax      NSB   Step  InItr MX OK
     125   3         -6.7461746987E+00 7.4E+03     129 6.4E-02     1 T  T
     127   3         -9.1778094751E+00 7.4E+03      10 1.0E+00     1 T  T
     129   4         -9.1774534172E+00 0.0E+00       0
 
 ** Optimal solution. There are no superbasic variables.
 
--- DICOPT: Checking convergence
--- DICOPT: Setting up next MIP
--- DICOPT: Log File:
 Major Major     Objective    CPU time  Itera- Evaluation Solver
 Step  Iter       Function     (Sec)    tions   Errors
  NLP    1      -201.18693      0.38       72      0      conopt
  MIP    1      -201.18693      0.00       93      0      cplex
  NLP    2       -12.74128<     0.06       22      0      conopt
  MIP    2       -81.17948      0.02       94      0      cplex
  NLP    3        -9.17745      0.23      129      0      conopt

IBM ILOG CPLEX   52.4.0 d810124c Jan 14, 2026          WEI x86 64bit/MS Window

--- GAMS/CPLEX licensed for continuous and discrete problems.
--- GMO setup time: 0.00s
--- Space for names approximately 0.09 Mb
--- Use option 'names no' to turn use of names off
--- GMO memory 1.60 Mb (peak 1.62 Mb)
--- Dictionary memory 0.00 Mb
--- Cplex 22.1.2.0 link memory 0.08 Mb (peak 0.37 Mb)
--- Starting Cplex

Version identifier: 22.1.2.0 | 2024-11-25 | 0edbb82fd
CPXPARAM_Advance                                 0
CPXPARAM_MIP_Display                             4
CPXPARAM_MIP_Pool_Capacity                       0
CPXPARAM_TimeLimit                               899.31199999999671
CPXPARAM_MIP_Tolerances_AbsMIPGap                0
CPXPARAM_MIP_Tolerances_MIPGap                   0
Generic callback                                 0x50
Tried aggregator 3 times.
MIP Presolve eliminated 2056 rows and 2033 columns.
MIP Presolve modified 721 coefficients.
Aggregator did 9 substitutions.
Reduced MIP has 451 rows, 722 columns, and 2139 nonzeros.
Reduced MIP has 0 binaries, 0 generals, 0 SOSs, and 0 indicators.
Presolve time = 0.00 sec. (4.68 ticks)
Tried aggregator 1 time.
Detecting symmetries...
MIP Presolve eliminated 4 rows and 0 columns.
Reduced MIP has 447 rows, 718 columns, and 2127 nonzeros.
Reduced MIP has 0 binaries, 0 generals, 0 SOSs, and 0 indicators.
Presolve time = 0.00 sec. (1.09 ticks)
MIP emphasis: balance optimality and feasibility.
MIP search method: dynamic search.
Parallel mode: deterministic, using up to 18 threads.
Initializing dual steep norms . . .

Iteration log . . .
Iteration:     1   Dual objective     =          -108.645568
Iteration:    66   Dual objective     =           -89.513040
Root relaxation solution time = 0.00 sec. (1.38 ticks)

        Nodes                                         Cuts/
   Node  Left     Objective  IInf  Best Integer    Best Bound    ItCnt     Gap

*     0     0      integral     0      -81.1795      -81.1795       94    0.00%
Elapsed time = 0.00 sec. (7.97 ticks, tree = 0.00 MB)
Found incumbent of value -81.179475 after 0.00 sec. (7.97 ticks)

Root node processing (before b&c):
  Real time             =    0.00 sec. (8.02 ticks)
Parallel b&c, 18 threads:
  Real time             =    0.00 sec. (0.00 ticks)
  Sync time (average)   =    0.00 sec.
  Wait time (average)   =    0.00 sec.
                          ------------
Total (root+branch&cut) =    0.00 sec. (8.02 ticks)

--- MIP status (101): integer optimal solution.
--- Cplex Time: 0.00sec (det. 8.02 ticks)

--- Returning a primal only solution to GAMS (marginals all set to NA).
--- Fixing integer variables and solving final LP...

Version identifier: 22.1.2.0 | 2024-11-25 | 0edbb82fd
CPXPARAM_Advance                                 2
CPXPARAM_MIP_Display                             4
CPXPARAM_MIP_Pool_Capacity                       0
CPXPARAM_TimeLimit                               899.31199999999671
CPXPARAM_MIP_Tolerances_AbsMIPGap                0
CPXPARAM_MIP_Tolerances_MIPGap                   0
Tried aggregator 1 time.
LP Presolve eliminated 2062 rows and 2039 columns.
Aggregator did 3 substitutions.
Reduced LP has 451 rows, 722 columns, and 2139 nonzeros.
Presolve time = 0.02 sec. (2.50 ticks)
Initializing dual steep norms . . .

Iteration log . . .
Iteration:     1   Dual objective     =          -108.751010
Iteration:    66   Dual objective     =           -89.513040

--- Fixed MIP status (1): optimal.
--- Cplex Time: 0.02sec (det. 5.12 ticks)


Proven optimal solution
MIP Solution:          -81.179475    (94 iterations, 0 nodes)
Final Solve:           -81.179475    (94 iterations)

Best possible:         -81.179475
Absolute gap:           -0.000000
Relative gap:           -0.000000

--- DICOPT: Starting major iteration 4
--- DICOPT: Setting up next NLP

CONOPT 4         52.4.0 d810124c Jan 14, 2026          WEI x86 64bit/MS Window

 
 
    C O N O P T   version 4.39.0
    Copyright (C) GAMS Software GmbH
                  GAMS Development Corporation
 
    Will use up to 4 threads.
 
 
    The user model has 1421 constraints and 575 variables
    with 5941 Jacobian elements, 1365 of which are nonlinear.
    The Hessian of the Lagrangian has 273 elements on the diagonal,
    0 elements below the diagonal, and 273 nonlinear variables.
 
    Iter Phase   Ninf   Infeasibility   RGmax      NSB   Step  InItr MX OK
       0   0          1.4529124983E+07 (Input point)
 
    The pre-triangular part of the model has 602 constraints and 28 variables.
    The post-triangular part of the model has 1 constraints and variables.
 
    Preprocessed model has 818 constraints and 546 variables
    with 2987 Jacobian elements, 544 of which are nonlinear.
 
    Iter Phase   Ninf   Infeasibility   RGmax      NSB   Step  InItr MX OK
                      8.0875669486E+04 (Full preprocessed model)
                      2.5065264799E+00 (After scaling)
                      2.5710443255E-01 (After adjusting individual variables)
       1   0          1.5407534015E-01                 1.0E+00     3 T  T
       2   0          1.5395157505E-01                 1.0E+00     1 T  T
       3   0          1.5394999325E-01                 1.0E+00     1 T  T
       4   1     270  1.4780169175E-01 2.2E+01      25 1.0E+00    25 T  T
       5   1     270  1.3900451240E-01 7.7E+01      33 4.9E-01    35 T  T
       6   1     267  1.2424560268E-01 1.5E+02      24 1.0E+00    25 T  T
       7   1     267  1.1477743384E-01 3.0E+02      24 1.0E+00    25 T  T
 
    Iter Phase   Ninf   Infeasibility   RGmax      NSB   Step  InItr MX OK
       8   1     267  1.0309307290E-01 5.0E+02      34 9.7E-01    35 T  T
       9   1     266  9.3655873029E-02 5.4E+02      25 1.0E+00    25 T  T
      10   1     265  7.7965353340E-02 8.9E+02      30 8.4E-01    35 F  F
      11   1     265  6.6278323444E-02 1.3E+02      25 9.3E-01    25 T  T
      12   1     263  6.0174489845E-02 2.0E+02      22 1.0E+00    25 T  T
      13   1     261  5.0035280004E-02 3.9E+01      30 1.0E+00    35 T  T
      14   1     259  3.1061707308E-02 1.1E+02      36 4.8E-01    45 T  T
      15   1     259  2.6154926609E-02 1.2E+02      22 2.5E-01    25 T  T
      16   1     256  2.3833474618E-02 1.2E+02      17 1.0E+00    25 T  T
      17   1     251  1.7077204269E-02 4.2E+02      24 1.0E+00    32 T  T
 
    Iter Phase   Ninf   Infeasibility   RGmax      NSB   Step  InItr MX OK
      18   1     247  1.1380757390E-02 1.7E+01      38 6.2E-01    49 T  T
      19   1     245  1.0460855976E-02 1.1E+01     223 1.0E+00    25 T  T
      20   1     242  1.0150892039E-02 2.0E+01      31 1.2E-01    35 T  T
      21   1     238  9.4178165664E-03 1.1E+01      30 1.0E+00    25 T  T
      22   1     238  9.2357628480E-03 1.7E+01     220 8.8E-02    35 T  T
      23   1     234  9.1471627532E-03 7.2E+00     219 1.0E+00     9 T  T
      24   1     230  8.3838074440E-03 1.6E+02      16 1.0E+00    14 T  T
      25   1     227  6.0908679937E-03 1.5E+02      23 1.0E+00    19 T  T
      26   1     224  4.8480546487E-03 1.5E+02      15 1.0E+00    19 T  T
      27   1     216  3.9141581605E-03 7.4E+00      17 5.9E-01    19 F  F
 
    Iter Phase   Ninf   Infeasibility   RGmax      NSB   Step  InItr MX OK
      28   1     210  3.3088787316E-03 1.5E+01      21 1.0E+00    24 T  T
      29   1     210  3.2877774267E-03 5.4E+00      24 2.4E-02    35 T  T
      30   1     207  3.1454065346E-03 6.8E+01      12 1.0E+00    10 T  T
      31   1     197  3.0738777414E-03 1.3E+01      13 1.0E+00    11 T  T
      32   1     181  2.2756866374E-03 2.1E+01      22 1.0E+00    18 T  T
      33   1     181  2.2748648751E-03 2.1E+02      13 2.1E-02    13 T  T
      34   1     181  2.2748586968E-03 5.6E+01      21 0.0E+00     7 F  F
      35   0          2.2748772067E-03                 2.2E-03
      37   1     181  2.0889299954E-03 7.7E+00     266 1.0E+00     6 T  T
      38   1     180  2.0385391875E-03 3.9E+02       5 1.0E+00     4 T  T
      39   1     178  1.8354782412E-03 3.7E+00      14 1.0E+00    17 T  T
 
    Iter Phase   Ninf   Infeasibility   RGmax      NSB   Step  InItr MX OK
      40   1     162  1.3840412096E-03 7.1E+00      24 1.0E+00    20 T  T
      41   1     154  1.1777791701E-03 3.3E+02      18 1.0E+00    36 T  T
      42   1     136  9.0208417368E-04 8.3E+00      18 1.0E+00    49 T  T
      43   1     128  4.8879509982E-04 1.8E+02      47 1.0E+00    58 T  T
      44   1      91  4.8156326390E-04 6.8E+01      56 1.9E-02    66 T  T
      45   1      74  3.5352734611E-04 2.0E+00      25 1.0E+00    10 T  T
      46   1      60  1.3555004956E-04 1.9E+00      33 1.0E+00    14 T  T
      47   1      51  1.1798467004E-04 1.6E+00      22 3.5E-01    19 F  T
      48   1      40  8.3174115010E-05 5.1E+01      28 5.5E-01    17 F  F
      49   1      28  6.4944062401E-05 7.7E+00      18 1.0E+00    22 T  T
 
    Iter Phase   Ninf   Infeasibility   RGmax      NSB   Step  InItr MX OK
      50   1      28  6.4941842159E-05 1.6E+00       6 1.0E+00    29 T  T
      51   1      24  6.1236819861E-05 9.1E+01      47 1.0E+00    12 T  T
      52   1      24  6.1201153599E-05 1.1E+01      28 1.5E-02     8 T  T
      53   1      22  5.6335691750E-05 5.7E+00      10 1.0E+00    10 T  T
      54   1      21  5.4946128859E-05 7.5E+00      15 1.0E+00    12 T  T
      55   1      21  5.4945963592E-05 1.3E-01      27 1.0E+00    19 T  T
      56   1      18  4.7048550784E-05 2.9E+00      12 1.0E+00     3 T  T
      57   1      18  4.6957506559E-05 1.1E+01      18 3.6E-02    11 T  T
      59   1      18  4.7055816323E-05 4.6E+01       4 1.5E-18     6 F  F
      60   1      18  4.7057495694E-05 5.5E+00      41 1.0E+00     4 T  T
 
    Iter Phase   Ninf   Infeasibility   RGmax      NSB   Step  InItr MX OK
      61   1      12  3.2390151690E-05 1.0E+00      39 1.0E+00     7 T  T
      62   1       8  2.2207081146E-05 9.0E+00       5 1.0E+00     6 T  T
      63   1       6  1.8755872754E-05 2.6E+02      63 1.0E+00    22 T  T
      64   1       3  8.5860442246E-06 2.9E+01      38 1.0E+00     5 T  T
      65   1       3  8.5861492259E-06 1.0E+00       2 0.0E+00       T  T
      66   1       3  8.5949019009E-06 1.0E+00       1 0.0E+00       T  T
      67   1       3  8.5949413486E-06 1.8E+01       1 0.0E+00       T  T
      68   1       3  8.5949413486E-06 1.4E+01       1 0.0E+00       T  T
      69   1       3  8.5949413486E-06 1.2E+01       1 0.0E+00       T  T
      70   1       3  8.5949413486E-06 4.1E+00       1 0.0E+00       T  T
 
    Iter Phase   Ninf   Infeasibility   RGmax      NSB   Step  InItr MX OK
      71   1       3  8.5949413486E-06 3.6E+00       1 0.0E+00       T  T
      72   1       3  8.5949413486E-06 1.5E+00       1 0.0E+00       T  T
      73   1       3  5.6952759500E-06 5.2E-04       1 1.1E+01       T  T
      74   1       2  5.0178023807E-06 5.2E-04       1 2.6E+00       T  T
      75   1       1  2.5463278191E-06 4.2E-04       5 1.4E+01       T  T
      76   1       1  2.5430704318E-06 6.1E-02      27 0.0E+00       T  T
      77   1       1  2.5430704318E-06 6.1E-02      26 0.0E+00       T  T
      78   1       1  2.5430829150E-06 6.1E-02      25 0.0E+00       T  T
      79   1       1  2.5430829150E-06 6.1E-02      24 0.0E+00       T  T
      80   1       1  2.5430829150E-06 6.1E-02      23 0.0E+00       T  T
 
    Iter Phase   Ninf   Infeasibility   RGmax      NSB   Step  InItr MX OK
      81   1       1  2.5430829150E-06 6.1E-02      22 0.0E+00       T  T
      82   1       1  2.5430704318E-06 6.1E-02      21 0.0E+00       T  T
      83   1       1  2.5430829150E-06 6.1E-02      20 0.0E+00       T  T
      84   1       1  2.5430704318E-06 6.1E-02      19 0.0E+00       T  T
      85   1       1  2.5430829150E-06 6.1E-02      18 0.0E+00       T  T
      86   1       1  2.5430829150E-06 6.1E-02      17 0.0E+00       T  T
      87   1       1  2.5430704318E-06 6.1E-02      16 0.0E+00       T  T
      88   1       1  2.5430829150E-06 6.1E-02      15 0.0E+00       T  T
      89   1       1  2.5430829150E-06 6.1E-02      14 0.0E+00       T  T
      90   1       1  2.5430829150E-06 6.1E-02      13 0.0E+00       T  T
 
    Iter Phase   Ninf   Infeasibility   RGmax      NSB   Step  InItr MX OK
      91   1       1  2.5430704318E-06 6.1E-02      12 0.0E+00       T  T
      92   1       1  2.5430829150E-06 6.1E-02      11 0.0E+00       T  T
      93   1       1  2.5430704318E-06 6.1E-02      10 0.0E+00       T  T
      94   1       1  2.5430704318E-06 6.1E-02       9 0.0E+00       T  T
      95   1       1  2.5430611364E-06 6.1E-02       8 1.5E-09       T  T
      96   1       1  2.5430645405E-06 4.2E-02       7 9.8E-10       T  T
 
 ** Feasible solution. Value of objective =   -6.56144411602
 
 ** Loss of feasibility while tightening tolerances - Return to phase 0.
 
    Iter Phase   Ninf   Infeasibility   RGmax      NSB   Step  InItr MX OK
     100   0          1.2590659451E-07
     101   1      11  1.2556464925E-07 2.1E-01      31 0.0E+00       T  T
     106   1      11  1.2556464929E-07 1.0E-01      26 0.0E+00       T  T
     111   1      11  1.2556464931E-07 6.8E-02      21 0.0E+00       T  T
     116   1      11  1.2556464931E-07 2.3E-02      16 0.0E+00       T  T
     121   1       9  5.6263769075E-08 2.6E-06      11 1.5E+02       T  T
     124   1       1  3.5929148167E-09 1.1E+00      22 1.0E+00    15 T  T
 
 ** Feasible solution. Value of objective =   -6.56458641110
 
    Iter Phase   Ninf     Objective     RGmax      NSB   Step  InItr MX OK
     125   3         -6.7461746987E+00 7.4E+03     129 6.4E-02     1 T  T
     127   3         -9.1778094751E+00 7.4E+03      10 1.0E+00     1 T  T
     129   4         -9.1774534172E+00 0.0E+00       0
 
 ** Optimal solution. There are no superbasic variables.
 
--- DICOPT: Checking convergence
--- DICOPT: Setting up next MIP
--- DICOPT: Log File:
 Major Major     Objective    CPU time  Itera- Evaluation Solver
 Step  Iter       Function     (Sec)    tions   Errors
  NLP    1      -201.18693      0.38       72      0      conopt
  MIP    1      -201.18693      0.00       93      0      cplex
  NLP    2       -12.74128<     0.06       22      0      conopt
  MIP    2       -81.17948      0.02       94      0      cplex
  NLP    3        -9.17745      0.23      129      0      conopt
  MIP    3       -81.17948      0.02       94      0      cplex
  NLP    4        -9.17745      0.22      129      0      conopt

IBM ILOG CPLEX   52.4.0 d810124c Jan 14, 2026          WEI x86 64bit/MS Window

--- GAMS/CPLEX licensed for continuous and discrete problems.
--- GMO setup time: 0.00s
--- Space for names approximately 0.09 Mb
--- Use option 'names no' to turn use of names off
--- GMO memory 1.60 Mb (peak 1.62 Mb)
--- Dictionary memory 0.00 Mb
--- Cplex 22.1.2.0 link memory 0.08 Mb (peak 0.37 Mb)
--- Starting Cplex

Version identifier: 22.1.2.0 | 2024-11-25 | 0edbb82fd
CPXPARAM_Advance                                 0
CPXPARAM_MIP_Display                             4
CPXPARAM_MIP_Pool_Capacity                       0
CPXPARAM_TimeLimit                               899.0769999999934
CPXPARAM_MIP_Tolerances_AbsMIPGap                0
CPXPARAM_MIP_Tolerances_MIPGap                   0
Generic callback                                 0x50
Tried aggregator 3 times.
MIP Presolve eliminated 2057 rows and 2033 columns.
MIP Presolve modified 721 coefficients.
Aggregator did 9 substitutions.
Reduced MIP has 451 rows, 722 columns, and 2139 nonzeros.
Reduced MIP has 0 binaries, 0 generals, 0 SOSs, and 0 indicators.
Presolve time = 0.00 sec. (4.69 ticks)
Tried aggregator 1 time.
Detecting symmetries...
MIP Presolve eliminated 4 rows and 0 columns.
Reduced MIP has 447 rows, 718 columns, and 2127 nonzeros.
Reduced MIP has 0 binaries, 0 generals, 0 SOSs, and 0 indicators.
Presolve time = 0.00 sec. (1.09 ticks)
MIP emphasis: balance optimality and feasibility.
MIP search method: dynamic search.
Parallel mode: deterministic, using up to 18 threads.
Initializing dual steep norms . . .

Iteration log . . .
Iteration:     1   Dual objective     =          -108.645568
Iteration:    66   Dual objective     =           -89.513040
Root relaxation solution time = 0.00 sec. (1.38 ticks)

        Nodes                                         Cuts/
   Node  Left     Objective  IInf  Best Integer    Best Bound    ItCnt     Gap

*     0     0      integral     0      -81.1795      -81.1795       94    0.00%
Elapsed time = 0.00 sec. (7.98 ticks, tree = 0.00 MB)
Found incumbent of value -81.179475 after 0.00 sec. (7.98 ticks)

Root node processing (before b&c):
  Real time             =    0.00 sec. (8.03 ticks)
Parallel b&c, 18 threads:
  Real time             =    0.00 sec. (0.00 ticks)
  Sync time (average)   =    0.00 sec.
  Wait time (average)   =    0.00 sec.
                          ------------
Total (root+branch&cut) =    0.00 sec. (8.03 ticks)

--- MIP status (101): integer optimal solution.
--- Cplex Time: 0.00sec (det. 8.03 ticks)

--- Returning a primal only solution to GAMS (marginals all set to NA).
--- Fixing integer variables and solving final LP...

Version identifier: 22.1.2.0 | 2024-11-25 | 0edbb82fd
CPXPARAM_Advance                                 2
CPXPARAM_MIP_Display                             4
CPXPARAM_MIP_Pool_Capacity                       0
CPXPARAM_TimeLimit                               899.0769999999934
CPXPARAM_MIP_Tolerances_AbsMIPGap                0
CPXPARAM_MIP_Tolerances_MIPGap                   0
Tried aggregator 1 time.
LP Presolve eliminated 2063 rows and 2039 columns.
Aggregator did 3 substitutions.
Reduced LP has 451 rows, 722 columns, and 2139 nonzeros.
Presolve time = 0.01 sec. (2.50 ticks)
Initializing dual steep norms . . .

Iteration log . . .
Iteration:     1   Dual objective     =          -108.751010
Iteration:    66   Dual objective     =           -89.513040

--- Fixed MIP status (1): optimal.
--- Cplex Time: 0.01sec (det. 5.12 ticks)


Proven optimal solution
MIP Solution:          -81.179475    (94 iterations, 0 nodes)
Final Solve:           -81.179475    (94 iterations)

Best possible:         -81.179475
Absolute gap:           -0.000000
Relative gap:           -0.000000

--- DICOPT: Starting major iteration 5
--- DICOPT: Setting up next NLP

CONOPT 4         52.4.0 d810124c Jan 14, 2026          WEI x86 64bit/MS Window

 
 
    C O N O P T   version 4.39.0
    Copyright (C) GAMS Software GmbH
                  GAMS Development Corporation
 
    Will use up to 4 threads.
 
 
    The user model has 1421 constraints and 575 variables
    with 5941 Jacobian elements, 1365 of which are nonlinear.
    The Hessian of the Lagrangian has 273 elements on the diagonal,
    0 elements below the diagonal, and 273 nonlinear variables.
 
    Iter Phase   Ninf   Infeasibility   RGmax      NSB   Step  InItr MX OK
       0   0          1.4529124983E+07 (Input point)
 
    The pre-triangular part of the model has 602 constraints and 28 variables.
    The post-triangular part of the model has 1 constraints and variables.
 
    Preprocessed model has 818 constraints and 546 variables
    with 2987 Jacobian elements, 544 of which are nonlinear.
 
    Iter Phase   Ninf   Infeasibility   RGmax      NSB   Step  InItr MX OK
                      8.0875669486E+04 (Full preprocessed model)
                      2.5065264799E+00 (After scaling)
                      2.5710443255E-01 (After adjusting individual variables)
       1   0          1.5407534015E-01                 1.0E+00     3 T  T
       2   0          1.5395157505E-01                 1.0E+00     1 T  T
       3   0          1.5394999325E-01                 1.0E+00     1 T  T
       4   1     270  1.4780169175E-01 2.2E+01      25 1.0E+00    25 T  T
       5   1     270  1.3900451240E-01 7.7E+01      33 4.9E-01    35 T  T
       6   1     267  1.2424560268E-01 1.5E+02      24 1.0E+00    25 T  T
       7   1     267  1.1477743384E-01 3.0E+02      24 1.0E+00    25 T  T
 
    Iter Phase   Ninf   Infeasibility   RGmax      NSB   Step  InItr MX OK
       8   1     267  1.0309307290E-01 5.0E+02      34 9.7E-01    35 T  T
       9   1     266  9.3655873029E-02 5.4E+02      25 1.0E+00    25 T  T
      10   1     265  7.7965353340E-02 8.9E+02      30 8.4E-01    35 F  F
      11   1     265  6.6278323444E-02 1.3E+02      25 9.3E-01    25 T  T
      12   1     263  6.0174489845E-02 2.0E+02      22 1.0E+00    25 T  T
      13   1     261  5.0035280004E-02 3.9E+01      30 1.0E+00    35 T  T
      14   1     259  3.1061707308E-02 1.1E+02      36 4.8E-01    45 T  T
      15   1     259  2.6154926609E-02 1.2E+02      22 2.5E-01    25 T  T
      16   1     256  2.3833474618E-02 1.2E+02      17 1.0E+00    25 T  T
      17   1     251  1.7077204269E-02 4.2E+02      24 1.0E+00    32 T  T
 
    Iter Phase   Ninf   Infeasibility   RGmax      NSB   Step  InItr MX OK
      18   1     247  1.1380757390E-02 1.7E+01      38 6.2E-01    49 T  T
      19   1     245  1.0460855976E-02 1.1E+01     223 1.0E+00    25 T  T
      20   1     242  1.0150892039E-02 2.0E+01      31 1.2E-01    35 T  T
      21   1     238  9.4178165664E-03 1.1E+01      30 1.0E+00    25 T  T
      22   1     238  9.2357628480E-03 1.7E+01     220 8.8E-02    35 T  T
      23   1     234  9.1471627532E-03 7.2E+00     219 1.0E+00     9 T  T
      24   1     230  8.3838074440E-03 1.6E+02      16 1.0E+00    14 T  T
      25   1     227  6.0908679937E-03 1.5E+02      23 1.0E+00    19 T  T
      26   1     224  4.8480546487E-03 1.5E+02      15 1.0E+00    19 T  T
      27   1     216  3.9141581605E-03 7.4E+00      17 5.9E-01    19 F  F
 
    Iter Phase   Ninf   Infeasibility   RGmax      NSB   Step  InItr MX OK
      28   1     210  3.3088787316E-03 1.5E+01      21 1.0E+00    24 T  T
      29   1     210  3.2877774267E-03 5.4E+00      24 2.4E-02    35 T  T
      30   1     207  3.1454065346E-03 6.8E+01      12 1.0E+00    10 T  T
      31   1     197  3.0738777414E-03 1.3E+01      13 1.0E+00    11 T  T
      32   1     181  2.2756866374E-03 2.1E+01      22 1.0E+00    18 T  T
      33   1     181  2.2748648751E-03 2.1E+02      13 2.1E-02    13 T  T
      34   1     181  2.2748586968E-03 5.6E+01      21 0.0E+00     7 F  F
      35   0          2.2748772067E-03                 2.2E-03
      37   1     181  2.0889299954E-03 7.7E+00     266 1.0E+00     6 T  T
      38   1     180  2.0385391875E-03 3.9E+02       5 1.0E+00     4 T  T
      39   1     178  1.8354782412E-03 3.7E+00      14 1.0E+00    17 T  T
 
    Iter Phase   Ninf   Infeasibility   RGmax      NSB   Step  InItr MX OK
      40   1     162  1.3840412096E-03 7.1E+00      24 1.0E+00    20 T  T
      41   1     154  1.1777791701E-03 3.3E+02      18 1.0E+00    36 T  T
      42   1     136  9.0208417368E-04 8.3E+00      18 1.0E+00    49 T  T
      43   1     128  4.8879509982E-04 1.8E+02      47 1.0E+00    58 T  T
      44   1      91  4.8156326390E-04 6.8E+01      56 1.9E-02    66 T  T
      45   1      74  3.5352734611E-04 2.0E+00      25 1.0E+00    10 T  T
      46   1      60  1.3555004956E-04 1.9E+00      33 1.0E+00    14 T  T
      47   1      51  1.1798467004E-04 1.6E+00      22 3.5E-01    19 F  T
      48   1      40  8.3174115010E-05 5.1E+01      28 5.5E-01    17 F  F
      49   1      28  6.4944062401E-05 7.7E+00      18 1.0E+00    22 T  T
 
    Iter Phase   Ninf   Infeasibility   RGmax      NSB   Step  InItr MX OK
      50   1      28  6.4941842159E-05 1.6E+00       6 1.0E+00    29 T  T
      51   1      24  6.1236819861E-05 9.1E+01      47 1.0E+00    12 T  T
      52   1      24  6.1201153599E-05 1.1E+01      28 1.5E-02     8 T  T
      53   1      22  5.6335691750E-05 5.7E+00      10 1.0E+00    10 T  T
      54   1      21  5.4946128859E-05 7.5E+00      15 1.0E+00    12 T  T
      55   1      21  5.4945963592E-05 1.3E-01      27 1.0E+00    19 T  T
      56   1      18  4.7048550784E-05 2.9E+00      12 1.0E+00     3 T  T
      57   1      18  4.6957506559E-05 1.1E+01      18 3.6E-02    11 T  T
      59   1      18  4.7055816323E-05 4.6E+01       4 1.5E-18     6 F  F
      60   1      18  4.7057495694E-05 5.5E+00      41 1.0E+00     4 T  T
 
    Iter Phase   Ninf   Infeasibility   RGmax      NSB   Step  InItr MX OK
      61   1      12  3.2390151690E-05 1.0E+00      39 1.0E+00     7 T  T
      62   1       8  2.2207081146E-05 9.0E+00       5 1.0E+00     6 T  T
      63   1       6  1.8755872754E-05 2.6E+02      63 1.0E+00    22 T  T
      64   1       3  8.5860442246E-06 2.9E+01      38 1.0E+00     5 T  T
      65   1       3  8.5861492259E-06 1.0E+00       2 0.0E+00       T  T
      66   1       3  8.5949019009E-06 1.0E+00       1 0.0E+00       T  T
      67   1       3  8.5949413486E-06 1.8E+01       1 0.0E+00       T  T
      68   1       3  8.5949413486E-06 1.4E+01       1 0.0E+00       T  T
      69   1       3  8.5949413486E-06 1.2E+01       1 0.0E+00       T  T
      70   1       3  8.5949413486E-06 4.1E+00       1 0.0E+00       T  T
 
    Iter Phase   Ninf   Infeasibility   RGmax      NSB   Step  InItr MX OK
      71   1       3  8.5949413486E-06 3.6E+00       1 0.0E+00       T  T
      72   1       3  8.5949413486E-06 1.5E+00       1 0.0E+00       T  T
      73   1       3  5.6952759500E-06 5.2E-04       1 1.1E+01       T  T
      74   1       2  5.0178023807E-06 5.2E-04       1 2.6E+00       T  T
      75   1       1  2.5463278191E-06 4.2E-04       5 1.4E+01       T  T
      76   1       1  2.5430704318E-06 6.1E-02      27 0.0E+00       T  T
      77   1       1  2.5430704318E-06 6.1E-02      26 0.0E+00       T  T
      78   1       1  2.5430829150E-06 6.1E-02      25 0.0E+00       T  T
      79   1       1  2.5430829150E-06 6.1E-02      24 0.0E+00       T  T
      80   1       1  2.5430829150E-06 6.1E-02      23 0.0E+00       T  T
 
    Iter Phase   Ninf   Infeasibility   RGmax      NSB   Step  InItr MX OK
      81   1       1  2.5430829150E-06 6.1E-02      22 0.0E+00       T  T
      82   1       1  2.5430704318E-06 6.1E-02      21 0.0E+00       T  T
      83   1       1  2.5430829150E-06 6.1E-02      20 0.0E+00       T  T
      84   1       1  2.5430704318E-06 6.1E-02      19 0.0E+00       T  T
      85   1       1  2.5430829150E-06 6.1E-02      18 0.0E+00       T  T
      86   1       1  2.5430829150E-06 6.1E-02      17 0.0E+00       T  T
      87   1       1  2.5430704318E-06 6.1E-02      16 0.0E+00       T  T
      88   1       1  2.5430829150E-06 6.1E-02      15 0.0E+00       T  T
      89   1       1  2.5430829150E-06 6.1E-02      14 0.0E+00       T  T
      90   1       1  2.5430829150E-06 6.1E-02      13 0.0E+00       T  T
 
    Iter Phase   Ninf   Infeasibility   RGmax      NSB   Step  InItr MX OK
      91   1       1  2.5430704318E-06 6.1E-02      12 0.0E+00       T  T
      92   1       1  2.5430829150E-06 6.1E-02      11 0.0E+00       T  T
      93   1       1  2.5430704318E-06 6.1E-02      10 0.0E+00       T  T
      94   1       1  2.5430704318E-06 6.1E-02       9 0.0E+00       T  T
      95   1       1  2.5430611364E-06 6.1E-02       8 1.5E-09       T  T
      96   1       1  2.5430645405E-06 4.2E-02       7 9.8E-10       T  T
 
 ** Feasible solution. Value of objective =   -6.56144411602
 
 ** Loss of feasibility while tightening tolerances - Return to phase 0.
 
    Iter Phase   Ninf   Infeasibility   RGmax      NSB   Step  InItr MX OK
     100   0          1.2590659451E-07
     101   1      11  1.2556464925E-07 2.1E-01      31 0.0E+00       T  T
     106   1      11  1.2556464929E-07 1.0E-01      26 0.0E+00       T  T
     111   1      11  1.2556464931E-07 6.8E-02      21 0.0E+00       T  T
     116   1      11  1.2556464931E-07 2.3E-02      16 0.0E+00       T  T
     121   1       9  5.6263769075E-08 2.6E-06      11 1.5E+02       T  T
     124   1       1  3.5929148167E-09 1.1E+00      22 1.0E+00    15 T  T
 
 ** Feasible solution. Value of objective =   -6.56458641110
 
    Iter Phase   Ninf     Objective     RGmax      NSB   Step  InItr MX OK
     125   3         -6.7461746987E+00 7.4E+03     129 6.4E-02     1 T  T
     127   3         -9.1778094751E+00 7.4E+03      10 1.0E+00     1 T  T
     129   4         -9.1774534172E+00 0.0E+00       0
 
 ** Optimal solution. There are no superbasic variables.
 
--- DICOPT: Checking convergence
--- DICOPT: Setting up next MIP
--- DICOPT: Log File:
 Major Major     Objective    CPU time  Itera- Evaluation Solver
 Step  Iter       Function     (Sec)    tions   Errors
  NLP    1      -201.18693      0.38       72      0      conopt
  MIP    1      -201.18693      0.00       93      0      cplex
  NLP    2       -12.74128<     0.06       22      0      conopt
  MIP    2       -81.17948      0.02       94      0      cplex
  NLP    3        -9.17745      0.23      129      0      conopt
  MIP    3       -81.17948      0.02       94      0      cplex
  NLP    4        -9.17745      0.22      129      0      conopt
  MIP    4       -81.17948      0.01       94      0      cplex
  NLP    5        -9.17745      0.22      129      0      conopt

IBM ILOG CPLEX   52.4.0 d810124c Jan 14, 2026          WEI x86 64bit/MS Window

--- GAMS/CPLEX licensed for continuous and discrete problems.
--- GMO setup time: 0.00s
--- Space for names approximately 0.09 Mb
--- Use option 'names no' to turn use of names off
--- GMO memory 1.60 Mb (peak 1.62 Mb)
--- Dictionary memory 0.00 Mb
--- Cplex 22.1.2.0 link memory 0.08 Mb (peak 0.38 Mb)
--- Starting Cplex

Version identifier: 22.1.2.0 | 2024-11-25 | 0edbb82fd
CPXPARAM_Advance                                 0
CPXPARAM_MIP_Display                             4
CPXPARAM_MIP_Pool_Capacity                       0
CPXPARAM_TimeLimit                               898.84300000003759
CPXPARAM_MIP_Tolerances_AbsMIPGap                0
CPXPARAM_MIP_Tolerances_MIPGap                   0
Generic callback                                 0x50
Tried aggregator 3 times.
MIP Presolve eliminated 2058 rows and 2033 columns.
MIP Presolve modified 721 coefficients.
Aggregator did 9 substitutions.
Reduced MIP has 451 rows, 722 columns, and 2139 nonzeros.
Reduced MIP has 0 binaries, 0 generals, 0 SOSs, and 0 indicators.
Presolve time = 0.00 sec. (4.70 ticks)
Tried aggregator 1 time.
Detecting symmetries...
MIP Presolve eliminated 4 rows and 0 columns.
Reduced MIP has 447 rows, 718 columns, and 2127 nonzeros.
Reduced MIP has 0 binaries, 0 generals, 0 SOSs, and 0 indicators.
Presolve time = 0.00 sec. (1.09 ticks)
MIP emphasis: balance optimality and feasibility.
MIP search method: dynamic search.
Parallel mode: deterministic, using up to 18 threads.
Initializing dual steep norms . . .

Iteration log . . .
Iteration:     1   Dual objective     =          -108.645568
Iteration:    66   Dual objective     =           -89.513040
Root relaxation solution time = 0.00 sec. (1.38 ticks)

        Nodes                                         Cuts/
   Node  Left     Objective  IInf  Best Integer    Best Bound    ItCnt     Gap

*     0     0      integral     0      -81.1795      -81.1795       94    0.00%
Elapsed time = 0.00 sec. (7.99 ticks, tree = 0.00 MB)
Found incumbent of value -81.179475 after 0.00 sec. (7.99 ticks)

Root node processing (before b&c):
  Real time             =    0.00 sec. (8.04 ticks)
Parallel b&c, 18 threads:
  Real time             =    0.00 sec. (0.00 ticks)
  Sync time (average)   =    0.00 sec.
  Wait time (average)   =    0.00 sec.
                          ------------
Total (root+branch&cut) =    0.00 sec. (8.04 ticks)

--- MIP status (101): integer optimal solution.
--- Cplex Time: 0.00sec (det. 8.04 ticks)

--- Returning a primal only solution to GAMS (marginals all set to NA).
--- Fixing integer variables and solving final LP...

Version identifier: 22.1.2.0 | 2024-11-25 | 0edbb82fd
CPXPARAM_Advance                                 2
CPXPARAM_MIP_Display                             4
CPXPARAM_MIP_Pool_Capacity                       0
CPXPARAM_TimeLimit                               898.84300000003759
CPXPARAM_MIP_Tolerances_AbsMIPGap                0
CPXPARAM_MIP_Tolerances_MIPGap                   0
Tried aggregator 1 time.
LP Presolve eliminated 2064 rows and 2039 columns.
Aggregator did 3 substitutions.
Reduced LP has 451 rows, 722 columns, and 2139 nonzeros.
Presolve time = 0.00 sec. (2.50 ticks)
Initializing dual steep norms . . .

Iteration log . . .
Iteration:     1   Dual objective     =          -108.751010
Iteration:    66   Dual objective     =           -89.513040

--- Fixed MIP status (1): optimal.
--- Cplex Time: 0.02sec (det. 5.12 ticks)


Proven optimal solution
MIP Solution:          -81.179475    (94 iterations, 0 nodes)
Final Solve:           -81.179475    (94 iterations)

Best possible:         -81.179475
Absolute gap:           -0.000000
Relative gap:           -0.000000

--- DICOPT: Starting major iteration 6
--- DICOPT: Setting up next NLP

CONOPT 4         52.4.0 d810124c Jan 14, 2026          WEI x86 64bit/MS Window

 
 
    C O N O P T   version 4.39.0
    Copyright (C) GAMS Software GmbH
                  GAMS Development Corporation
 
    Will use up to 4 threads.
 
 
    The user model has 1421 constraints and 575 variables
    with 5941 Jacobian elements, 1365 of which are nonlinear.
    The Hessian of the Lagrangian has 273 elements on the diagonal,
    0 elements below the diagonal, and 273 nonlinear variables.
 
    Iter Phase   Ninf   Infeasibility   RGmax      NSB   Step  InItr MX OK
       0   0          1.4529124983E+07 (Input point)
 
    The pre-triangular part of the model has 602 constraints and 28 variables.
    The post-triangular part of the model has 1 constraints and variables.
 
    Preprocessed model has 818 constraints and 546 variables
    with 2987 Jacobian elements, 544 of which are nonlinear.
 
    Iter Phase   Ninf   Infeasibility   RGmax      NSB   Step  InItr MX OK
                      8.0875669486E+04 (Full preprocessed model)
                      2.5065264799E+00 (After scaling)
                      2.5710443255E-01 (After adjusting individual variables)
       1   0          1.5407534015E-01                 1.0E+00     3 T  T
       2   0          1.5395157505E-01                 1.0E+00     1 T  T
       3   0          1.5394999325E-01                 1.0E+00     1 T  T
       4   1     270  1.4780169175E-01 2.2E+01      25 1.0E+00    25 T  T
       5   1     270  1.3900451240E-01 7.7E+01      33 4.9E-01    35 T  T
       6   1     267  1.2424560268E-01 1.5E+02      24 1.0E+00    25 T  T
       7   1     267  1.1477743384E-01 3.0E+02      24 1.0E+00    25 T  T
 
    Iter Phase   Ninf   Infeasibility   RGmax      NSB   Step  InItr MX OK
       8   1     267  1.0309307290E-01 5.0E+02      34 9.7E-01    35 T  T
       9   1     266  9.3655873029E-02 5.4E+02      25 1.0E+00    25 T  T
      10   1     265  7.7965353340E-02 8.9E+02      30 8.4E-01    35 F  F
      11   1     265  6.6278323444E-02 1.3E+02      25 9.3E-01    25 T  T
      12   1     263  6.0174489845E-02 2.0E+02      22 1.0E+00    25 T  T
      13   1     261  5.0035280004E-02 3.9E+01      30 1.0E+00    35 T  T
      14   1     259  3.1061707308E-02 1.1E+02      36 4.8E-01    45 T  T
      15   1     259  2.6154926609E-02 1.2E+02      22 2.5E-01    25 T  T
      16   1     256  2.3833474618E-02 1.2E+02      17 1.0E+00    25 T  T
      17   1     251  1.7077204269E-02 4.2E+02      24 1.0E+00    32 T  T
 
    Iter Phase   Ninf   Infeasibility   RGmax      NSB   Step  InItr MX OK
      18   1     247  1.1380757390E-02 1.7E+01      38 6.2E-01    49 T  T
      19   1     245  1.0460855976E-02 1.1E+01     223 1.0E+00    25 T  T
      20   1     242  1.0150892039E-02 2.0E+01      31 1.2E-01    35 T  T
      21   1     238  9.4178165664E-03 1.1E+01      30 1.0E+00    25 T  T
      22   1     238  9.2357628480E-03 1.7E+01     220 8.8E-02    35 T  T
      23   1     234  9.1471627532E-03 7.2E+00     219 1.0E+00     9 T  T
      24   1     230  8.3838074440E-03 1.6E+02      16 1.0E+00    14 T  T
      25   1     227  6.0908679937E-03 1.5E+02      23 1.0E+00    19 T  T
      26   1     224  4.8480546487E-03 1.5E+02      15 1.0E+00    19 T  T
      27   1     216  3.9141581605E-03 7.4E+00      17 5.9E-01    19 F  F
 
    Iter Phase   Ninf   Infeasibility   RGmax      NSB   Step  InItr MX OK
      28   1     210  3.3088787316E-03 1.5E+01      21 1.0E+00    24 T  T
      29   1     210  3.2877774267E-03 5.4E+00      24 2.4E-02    35 T  T
      30   1     207  3.1454065346E-03 6.8E+01      12 1.0E+00    10 T  T
      31   1     197  3.0738777414E-03 1.3E+01      13 1.0E+00    11 T  T
      32   1     181  2.2756866374E-03 2.1E+01      22 1.0E+00    18 T  T
      33   1     181  2.2748648751E-03 2.1E+02      13 2.1E-02    13 T  T
      34   1     181  2.2748586968E-03 5.6E+01      21 0.0E+00     7 F  F
      35   0          2.2748772067E-03                 2.2E-03
      37   1     181  2.0889299954E-03 7.7E+00     266 1.0E+00     6 T  T
      38   1     180  2.0385391875E-03 3.9E+02       5 1.0E+00     4 T  T
      39   1     178  1.8354782412E-03 3.7E+00      14 1.0E+00    17 T  T
 
    Iter Phase   Ninf   Infeasibility   RGmax      NSB   Step  InItr MX OK
      40   1     162  1.3840412096E-03 7.1E+00      24 1.0E+00    20 T  T
      41   1     154  1.1777791701E-03 3.3E+02      18 1.0E+00    36 T  T
      42   1     136  9.0208417368E-04 8.3E+00      18 1.0E+00    49 T  T
      43   1     128  4.8879509982E-04 1.8E+02      47 1.0E+00    58 T  T
      44   1      91  4.8156326390E-04 6.8E+01      56 1.9E-02    66 T  T
      45   1      74  3.5352734611E-04 2.0E+00      25 1.0E+00    10 T  T
      46   1      60  1.3555004956E-04 1.9E+00      33 1.0E+00    14 T  T
      47   1      51  1.1798467004E-04 1.6E+00      22 3.5E-01    19 F  T
      48   1      40  8.3174115010E-05 5.1E+01      28 5.5E-01    17 F  F
      49   1      28  6.4944062401E-05 7.7E+00      18 1.0E+00    22 T  T
 
    Iter Phase   Ninf   Infeasibility   RGmax      NSB   Step  InItr MX OK
      50   1      28  6.4941842159E-05 1.6E+00       6 1.0E+00    29 T  T
      51   1      24  6.1236819861E-05 9.1E+01      47 1.0E+00    12 T  T
      52   1      24  6.1201153599E-05 1.1E+01      28 1.5E-02     8 T  T
      53   1      22  5.6335691750E-05 5.7E+00      10 1.0E+00    10 T  T
      54   1      21  5.4946128859E-05 7.5E+00      15 1.0E+00    12 T  T
      55   1      21  5.4945963592E-05 1.3E-01      27 1.0E+00    19 T  T
      56   1      18  4.7048550784E-05 2.9E+00      12 1.0E+00     3 T  T
      57   1      18  4.6957506559E-05 1.1E+01      18 3.6E-02    11 T  T
      59   1      18  4.7055816323E-05 4.6E+01       4 1.5E-18     6 F  F
      60   1      18  4.7057495694E-05 5.5E+00      41 1.0E+00     4 T  T
 
    Iter Phase   Ninf   Infeasibility   RGmax      NSB   Step  InItr MX OK
      61   1      12  3.2390151690E-05 1.0E+00      39 1.0E+00     7 T  T
      62   1       8  2.2207081146E-05 9.0E+00       5 1.0E+00     6 T  T
      63   1       6  1.8755872754E-05 2.6E+02      63 1.0E+00    22 T  T
      64   1       3  8.5860442246E-06 2.9E+01      38 1.0E+00     5 T  T
      65   1       3  8.5861492259E-06 1.0E+00       2 0.0E+00       T  T
      66   1       3  8.5949019009E-06 1.0E+00       1 0.0E+00       T  T
      67   1       3  8.5949413486E-06 1.8E+01       1 0.0E+00       T  T
      68   1       3  8.5949413486E-06 1.4E+01       1 0.0E+00       T  T
      69   1       3  8.5949413486E-06 1.2E+01       1 0.0E+00       T  T
      70   1       3  8.5949413486E-06 4.1E+00       1 0.0E+00       T  T
 
    Iter Phase   Ninf   Infeasibility   RGmax      NSB   Step  InItr MX OK
      71   1       3  8.5949413486E-06 3.6E+00       1 0.0E+00       T  T
      72   1       3  8.5949413486E-06 1.5E+00       1 0.0E+00       T  T
      73   1       3  5.6952759500E-06 5.2E-04       1 1.1E+01       T  T
      74   1       2  5.0178023807E-06 5.2E-04       1 2.6E+00       T  T
      75   1       1  2.5463278191E-06 4.2E-04       5 1.4E+01       T  T
      76   1       1  2.5430704318E-06 6.1E-02      27 0.0E+00       T  T
      77   1       1  2.5430704318E-06 6.1E-02      26 0.0E+00       T  T
      78   1       1  2.5430829150E-06 6.1E-02      25 0.0E+00       T  T
      79   1       1  2.5430829150E-06 6.1E-02      24 0.0E+00       T  T
      80   1       1  2.5430829150E-06 6.1E-02      23 0.0E+00       T  T
 
    Iter Phase   Ninf   Infeasibility   RGmax      NSB   Step  InItr MX OK
      81   1       1  2.5430829150E-06 6.1E-02      22 0.0E+00       T  T
      82   1       1  2.5430704318E-06 6.1E-02      21 0.0E+00       T  T
      83   1       1  2.5430829150E-06 6.1E-02      20 0.0E+00       T  T
      84   1       1  2.5430704318E-06 6.1E-02      19 0.0E+00       T  T
      85   1       1  2.5430829150E-06 6.1E-02      18 0.0E+00       T  T
      86   1       1  2.5430829150E-06 6.1E-02      17 0.0E+00       T  T
      87   1       1  2.5430704318E-06 6.1E-02      16 0.0E+00       T  T
      88   1       1  2.5430829150E-06 6.1E-02      15 0.0E+00       T  T
      89   1       1  2.5430829150E-06 6.1E-02      14 0.0E+00       T  T
      90   1       1  2.5430829150E-06 6.1E-02      13 0.0E+00       T  T
 
    Iter Phase   Ninf   Infeasibility   RGmax      NSB   Step  InItr MX OK
      91   1       1  2.5430704318E-06 6.1E-02      12 0.0E+00       T  T
      92   1       1  2.5430829150E-06 6.1E-02      11 0.0E+00       T  T
      93   1       1  2.5430704318E-06 6.1E-02      10 0.0E+00       T  T
      94   1       1  2.5430704318E-06 6.1E-02       9 0.0E+00       T  T
      95   1       1  2.5430611364E-06 6.1E-02       8 1.5E-09       T  T
      96   1       1  2.5430645405E-06 4.2E-02       7 9.8E-10       T  T
 
 ** Feasible solution. Value of objective =   -6.56144411602
 
 ** Loss of feasibility while tightening tolerances - Return to phase 0.
 
    Iter Phase   Ninf   Infeasibility   RGmax      NSB   Step  InItr MX OK
     100   0          1.2590659451E-07
     101   1      11  1.2556464925E-07 2.1E-01      31 0.0E+00       T  T
     106   1      11  1.2556464929E-07 1.0E-01      26 0.0E+00       T  T
     111   1      11  1.2556464931E-07 6.8E-02      21 0.0E+00       T  T
     116   1      11  1.2556464931E-07 2.3E-02      16 0.0E+00       T  T
     121   1       9  5.6263769075E-08 2.6E-06      11 1.5E+02       T  T
     124   1       1  3.5929148167E-09 1.1E+00      22 1.0E+00    15 T  T
 
 ** Feasible solution. Value of objective =   -6.56458641110
 
    Iter Phase   Ninf     Objective     RGmax      NSB   Step  InItr MX OK
     125   3         -6.7461746987E+00 7.4E+03     129 6.4E-02     1 T  T
     127   3         -9.1778094751E+00 7.4E+03      10 1.0E+00     1 T  T
     129   4         -9.1774534172E+00 0.0E+00       0
 
 ** Optimal solution. There are no superbasic variables.
 
--- DICOPT: Checking convergence
--- DICOPT: Setting up next MIP
--- DICOPT: Log File:
 Major Major     Objective    CPU time  Itera- Evaluation Solver
 Step  Iter       Function     (Sec)    tions   Errors
  NLP    1      -201.18693      0.38       72      0      conopt
  MIP    1      -201.18693      0.00       93      0      cplex
  NLP    2       -12.74128<     0.06       22      0      conopt
  MIP    2       -81.17948      0.02       94      0      cplex
  NLP    3        -9.17745      0.23      129      0      conopt
  MIP    3       -81.17948      0.02       94      0      cplex
  NLP    4        -9.17745      0.22      129      0      conopt
  MIP    4       -81.17948      0.01       94      0      cplex
  NLP    5        -9.17745      0.22      129      0      conopt
  MIP    5       -81.17948      0.02       94      0      cplex
  NLP    6        -9.17745      0.22      129      0      conopt

IBM ILOG CPLEX   52.4.0 d810124c Jan 14, 2026          WEI x86 64bit/MS Window

--- GAMS/CPLEX licensed for continuous and discrete problems.
--- GMO setup time: 0.00s
--- Space for names approximately 0.09 Mb
--- Use option 'names no' to turn use of names off
--- GMO memory 1.60 Mb (peak 1.62 Mb)
--- Dictionary memory 0.00 Mb
--- Cplex 22.1.2.0 link memory 0.08 Mb (peak 0.38 Mb)
--- Starting Cplex

Version identifier: 22.1.2.0 | 2024-11-25 | 0edbb82fd
CPXPARAM_Advance                                 0
CPXPARAM_MIP_Display                             4
CPXPARAM_MIP_Pool_Capacity                       0
CPXPARAM_TimeLimit                               898.60800000003428
CPXPARAM_MIP_Tolerances_AbsMIPGap                0
CPXPARAM_MIP_Tolerances_MIPGap                   0
Generic callback                                 0x50
Tried aggregator 3 times.
MIP Presolve eliminated 2059 rows and 2033 columns.
MIP Presolve modified 721 coefficients.
Aggregator did 9 substitutions.
Reduced MIP has 451 rows, 722 columns, and 2139 nonzeros.
Reduced MIP has 0 binaries, 0 generals, 0 SOSs, and 0 indicators.
Presolve time = 0.02 sec. (4.72 ticks)
Tried aggregator 1 time.
Detecting symmetries...
MIP Presolve eliminated 4 rows and 0 columns.
Reduced MIP has 447 rows, 718 columns, and 2127 nonzeros.
Reduced MIP has 0 binaries, 0 generals, 0 SOSs, and 0 indicators.
Presolve time = 0.00 sec. (1.09 ticks)
MIP emphasis: balance optimality and feasibility.
MIP search method: dynamic search.
Parallel mode: deterministic, using up to 18 threads.
Initializing dual steep norms . . .

Iteration log . . .
Iteration:     1   Dual objective     =          -108.645568
Iteration:    66   Dual objective     =           -89.513040
Root relaxation solution time = 0.00 sec. (1.38 ticks)

        Nodes                                         Cuts/
   Node  Left     Objective  IInf  Best Integer    Best Bound    ItCnt     Gap

*     0     0      integral     0      -81.1795      -81.1795       94    0.00%
Elapsed time = 0.02 sec. (8.00 ticks, tree = 0.00 MB)
Found incumbent of value -81.179475 after 0.02 sec. (8.00 ticks)

Root node processing (before b&c):
  Real time             =    0.02 sec. (8.05 ticks)
Parallel b&c, 18 threads:
  Real time             =    0.00 sec. (0.00 ticks)
  Sync time (average)   =    0.00 sec.
  Wait time (average)   =    0.00 sec.
                          ------------
Total (root+branch&cut) =    0.02 sec. (8.05 ticks)

--- MIP status (101): integer optimal solution.
--- Cplex Time: 0.02sec (det. 8.05 ticks)

--- Returning a primal only solution to GAMS (marginals all set to NA).
--- Fixing integer variables and solving final LP...

Version identifier: 22.1.2.0 | 2024-11-25 | 0edbb82fd
CPXPARAM_Advance                                 2
CPXPARAM_MIP_Display                             4
CPXPARAM_MIP_Pool_Capacity                       0
CPXPARAM_TimeLimit                               898.60800000003428
CPXPARAM_MIP_Tolerances_AbsMIPGap                0
CPXPARAM_MIP_Tolerances_MIPGap                   0
Tried aggregator 1 time.
LP Presolve eliminated 2065 rows and 2039 columns.
Aggregator did 3 substitutions.
Reduced LP has 451 rows, 722 columns, and 2139 nonzeros.
Presolve time = 0.00 sec. (2.51 ticks)
Initializing dual steep norms . . .

Iteration log . . .
Iteration:     1   Dual objective     =          -108.751010
Iteration:    66   Dual objective     =           -89.513040

--- Fixed MIP status (1): optimal.
--- Cplex Time: 0.00sec (det. 5.12 ticks)


Proven optimal solution
MIP Solution:          -81.179475    (94 iterations, 0 nodes)
Final Solve:           -81.179475    (94 iterations)

Best possible:         -81.179475
Absolute gap:           -0.000000
Relative gap:           -0.000000

--- DICOPT: Starting major iteration 7
--- DICOPT: Setting up next NLP

CONOPT 4         52.4.0 d810124c Jan 14, 2026          WEI x86 64bit/MS Window

 
 
    C O N O P T   version 4.39.0
    Copyright (C) GAMS Software GmbH
                  GAMS Development Corporation
 
    Will use up to 4 threads.
 
 
    The user model has 1421 constraints and 575 variables
    with 5941 Jacobian elements, 1365 of which are nonlinear.
    The Hessian of the Lagrangian has 273 elements on the diagonal,
    0 elements below the diagonal, and 273 nonlinear variables.
 
    Iter Phase   Ninf   Infeasibility   RGmax      NSB   Step  InItr MX OK
       0   0          1.4529124983E+07 (Input point)
 
    The pre-triangular part of the model has 602 constraints and 28 variables.
    The post-triangular part of the model has 1 constraints and variables.
 
    Preprocessed model has 818 constraints and 546 variables
    with 2987 Jacobian elements, 544 of which are nonlinear.
 
    Iter Phase   Ninf   Infeasibility   RGmax      NSB   Step  InItr MX OK
                      8.0875669486E+04 (Full preprocessed model)
                      2.5065264799E+00 (After scaling)
                      2.5710443255E-01 (After adjusting individual variables)
       1   0          1.5407534015E-01                 1.0E+00     3 T  T
       2   0          1.5395157505E-01                 1.0E+00     1 T  T
       3   0          1.5394999325E-01                 1.0E+00     1 T  T
       4   1     270  1.4780169175E-01 2.2E+01      25 1.0E+00    25 T  T
       5   1     270  1.3900451240E-01 7.7E+01      33 4.9E-01    35 T  T
       6   1     267  1.2424560268E-01 1.5E+02      24 1.0E+00    25 T  T
       7   1     267  1.1477743384E-01 3.0E+02      24 1.0E+00    25 T  T
 
    Iter Phase   Ninf   Infeasibility   RGmax      NSB   Step  InItr MX OK
       8   1     267  1.0309307290E-01 5.0E+02      34 9.7E-01    35 T  T
       9   1     266  9.3655873029E-02 5.4E+02      25 1.0E+00    25 T  T
      10   1     265  7.7965353340E-02 8.9E+02      30 8.4E-01    35 F  F
      11   1     265  6.6278323444E-02 1.3E+02      25 9.3E-01    25 T  T
      12   1     263  6.0174489845E-02 2.0E+02      22 1.0E+00    25 T  T
      13   1     261  5.0035280004E-02 3.9E+01      30 1.0E+00    35 T  T
      14   1     259  3.1061707308E-02 1.1E+02      36 4.8E-01    45 T  T
      15   1     259  2.6154926609E-02 1.2E+02      22 2.5E-01    25 T  T
      16   1     256  2.3833474618E-02 1.2E+02      17 1.0E+00    25 T  T
      17   1     251  1.7077204269E-02 4.2E+02      24 1.0E+00    32 T  T
 
    Iter Phase   Ninf   Infeasibility   RGmax      NSB   Step  InItr MX OK
      18   1     247  1.1380757390E-02 1.7E+01      38 6.2E-01    49 T  T
      19   1     245  1.0460855976E-02 1.1E+01     223 1.0E+00    25 T  T
      20   1     242  1.0150892039E-02 2.0E+01      31 1.2E-01    35 T  T
      21   1     238  9.4178165664E-03 1.1E+01      30 1.0E+00    25 T  T
      22   1     238  9.2357628480E-03 1.7E+01     220 8.8E-02    35 T  T
      23   1     234  9.1471627532E-03 7.2E+00     219 1.0E+00     9 T  T
      24   1     230  8.3838074440E-03 1.6E+02      16 1.0E+00    14 T  T
      25   1     227  6.0908679937E-03 1.5E+02      23 1.0E+00    19 T  T
      26   1     224  4.8480546487E-03 1.5E+02      15 1.0E+00    19 T  T
      27   1     216  3.9141581605E-03 7.4E+00      17 5.9E-01    19 F  F
 
    Iter Phase   Ninf   Infeasibility   RGmax      NSB   Step  InItr MX OK
      28   1     210  3.3088787316E-03 1.5E+01      21 1.0E+00    24 T  T
      29   1     210  3.2877774267E-03 5.4E+00      24 2.4E-02    35 T  T
      30   1     207  3.1454065346E-03 6.8E+01      12 1.0E+00    10 T  T
      31   1     197  3.0738777414E-03 1.3E+01      13 1.0E+00    11 T  T
      32   1     181  2.2756866374E-03 2.1E+01      22 1.0E+00    18 T  T
      33   1     181  2.2748648751E-03 2.1E+02      13 2.1E-02    13 T  T
      34   1     181  2.2748586968E-03 5.6E+01      21 0.0E+00     7 F  F
      35   0          2.2748772067E-03                 2.2E-03
      37   1     181  2.0889299954E-03 7.7E+00     266 1.0E+00     6 T  T
      38   1     180  2.0385391875E-03 3.9E+02       5 1.0E+00     4 T  T
      39   1     178  1.8354782412E-03 3.7E+00      14 1.0E+00    17 T  T
 
    Iter Phase   Ninf   Infeasibility   RGmax      NSB   Step  InItr MX OK
      40   1     162  1.3840412096E-03 7.1E+00      24 1.0E+00    20 T  T
      41   1     154  1.1777791701E-03 3.3E+02      18 1.0E+00    36 T  T
      42   1     136  9.0208417368E-04 8.3E+00      18 1.0E+00    49 T  T
      43   1     128  4.8879509982E-04 1.8E+02      47 1.0E+00    58 T  T
      44   1      91  4.8156326390E-04 6.8E+01      56 1.9E-02    66 T  T
      45   1      74  3.5352734611E-04 2.0E+00      25 1.0E+00    10 T  T
      46   1      60  1.3555004956E-04 1.9E+00      33 1.0E+00    14 T  T
      47   1      51  1.1798467004E-04 1.6E+00      22 3.5E-01    19 F  T
      48   1      40  8.3174115010E-05 5.1E+01      28 5.5E-01    17 F  F
      49   1      28  6.4944062401E-05 7.7E+00      18 1.0E+00    22 T  T
 
    Iter Phase   Ninf   Infeasibility   RGmax      NSB   Step  InItr MX OK
      50   1      28  6.4941842159E-05 1.6E+00       6 1.0E+00    29 T  T
      51   1      24  6.1236819861E-05 9.1E+01      47 1.0E+00    12 T  T
      52   1      24  6.1201153599E-05 1.1E+01      28 1.5E-02     8 T  T
      53   1      22  5.6335691750E-05 5.7E+00      10 1.0E+00    10 T  T
      54   1      21  5.4946128859E-05 7.5E+00      15 1.0E+00    12 T  T
      55   1      21  5.4945963592E-05 1.3E-01      27 1.0E+00    19 T  T
      56   1      18  4.7048550784E-05 2.9E+00      12 1.0E+00     3 T  T
      57   1      18  4.6957506559E-05 1.1E+01      18 3.6E-02    11 T  T
      59   1      18  4.7055816323E-05 4.6E+01       4 1.5E-18     6 F  F
      60   1      18  4.7057495694E-05 5.5E+00      41 1.0E+00     4 T  T
 
    Iter Phase   Ninf   Infeasibility   RGmax      NSB   Step  InItr MX OK
      61   1      12  3.2390151690E-05 1.0E+00      39 1.0E+00     7 T  T
      62   1       8  2.2207081146E-05 9.0E+00       5 1.0E+00     6 T  T
      63   1       6  1.8755872754E-05 2.6E+02      63 1.0E+00    22 T  T
      64   1       3  8.5860442246E-06 2.9E+01      38 1.0E+00     5 T  T
      65   1       3  8.5861492259E-06 1.0E+00       2 0.0E+00       T  T
      66   1       3  8.5949019009E-06 1.0E+00       1 0.0E+00       T  T
      67   1       3  8.5949413486E-06 1.8E+01       1 0.0E+00       T  T
      68   1       3  8.5949413486E-06 1.4E+01       1 0.0E+00       T  T
      69   1       3  8.5949413486E-06 1.2E+01       1 0.0E+00       T  T
      70   1       3  8.5949413486E-06 4.1E+00       1 0.0E+00       T  T
 
    Iter Phase   Ninf   Infeasibility   RGmax      NSB   Step  InItr MX OK
      71   1       3  8.5949413486E-06 3.6E+00       1 0.0E+00       T  T
      72   1       3  8.5949413486E-06 1.5E+00       1 0.0E+00       T  T
      73   1       3  5.6952759500E-06 5.2E-04       1 1.1E+01       T  T
      74   1       2  5.0178023807E-06 5.2E-04       1 2.6E+00       T  T
      75   1       1  2.5463278191E-06 4.2E-04       5 1.4E+01       T  T
      76   1       1  2.5430704318E-06 6.1E-02      27 0.0E+00       T  T
      77   1       1  2.5430704318E-06 6.1E-02      26 0.0E+00       T  T
      78   1       1  2.5430829150E-06 6.1E-02      25 0.0E+00       T  T
      79   1       1  2.5430829150E-06 6.1E-02      24 0.0E+00       T  T
      80   1       1  2.5430829150E-06 6.1E-02      23 0.0E+00       T  T
 
    Iter Phase   Ninf   Infeasibility   RGmax      NSB   Step  InItr MX OK
      81   1       1  2.5430829150E-06 6.1E-02      22 0.0E+00       T  T
      82   1       1  2.5430704318E-06 6.1E-02      21 0.0E+00       T  T
      83   1       1  2.5430829150E-06 6.1E-02      20 0.0E+00       T  T
      84   1       1  2.5430704318E-06 6.1E-02      19 0.0E+00       T  T
      85   1       1  2.5430829150E-06 6.1E-02      18 0.0E+00       T  T
      86   1       1  2.5430829150E-06 6.1E-02      17 0.0E+00       T  T
      87   1       1  2.5430704318E-06 6.1E-02      16 0.0E+00       T  T
      88   1       1  2.5430829150E-06 6.1E-02      15 0.0E+00       T  T
      89   1       1  2.5430829150E-06 6.1E-02      14 0.0E+00       T  T
      90   1       1  2.5430829150E-06 6.1E-02      13 0.0E+00       T  T
 
    Iter Phase   Ninf   Infeasibility   RGmax      NSB   Step  InItr MX OK
      91   1       1  2.5430704318E-06 6.1E-02      12 0.0E+00       T  T
      92   1       1  2.5430829150E-06 6.1E-02      11 0.0E+00       T  T
      93   1       1  2.5430704318E-06 6.1E-02      10 0.0E+00       T  T
      94   1       1  2.5430704318E-06 6.1E-02       9 0.0E+00       T  T
      95   1       1  2.5430611364E-06 6.1E-02       8 1.5E-09       T  T
      96   1       1  2.5430645405E-06 4.2E-02       7 9.8E-10       T  T
 
 ** Feasible solution. Value of objective =   -6.56144411602
 
 ** Loss of feasibility while tightening tolerances - Return to phase 0.
 
    Iter Phase   Ninf   Infeasibility   RGmax      NSB   Step  InItr MX OK
     100   0          1.2590659451E-07
     101   1      11  1.2556464925E-07 2.1E-01      31 0.0E+00       T  T
     106   1      11  1.2556464929E-07 1.0E-01      26 0.0E+00       T  T
     111   1      11  1.2556464931E-07 6.8E-02      21 0.0E+00       T  T
     116   1      11  1.2556464931E-07 2.3E-02      16 0.0E+00       T  T
     121   1       9  5.6263769075E-08 2.6E-06      11 1.5E+02       T  T
     124   1       1  3.5929148167E-09 1.1E+00      22 1.0E+00    15 T  T
 
 ** Feasible solution. Value of objective =   -6.56458641110
 
    Iter Phase   Ninf     Objective     RGmax      NSB   Step  InItr MX OK
     125   3         -6.7461746987E+00 7.4E+03     129 6.4E-02     1 T  T
     127   3         -9.1778094751E+00 7.4E+03      10 1.0E+00     1 T  T
     129   4         -9.1774534172E+00 0.0E+00       0
 
 ** Optimal solution. There are no superbasic variables.
 
--- DICOPT: Checking convergence
--- DICOPT: Setting up next MIP
--- DICOPT: Log File:
 Major Major     Objective    CPU time  Itera- Evaluation Solver
 Step  Iter       Function     (Sec)    tions   Errors
  NLP    1      -201.18693      0.38       72      0      conopt
  MIP    1      -201.18693      0.00       93      0      cplex
  NLP    2       -12.74128<     0.06       22      0      conopt
  MIP    2       -81.17948      0.02       94      0      cplex
  NLP    3        -9.17745      0.23      129      0      conopt
  MIP    3       -81.17948      0.02       94      0      cplex
  NLP    4        -9.17745      0.22      129      0      conopt
  MIP    4       -81.17948      0.01       94      0      cplex
  NLP    5        -9.17745      0.22      129      0      conopt
  MIP    5       -81.17948      0.02       94      0      cplex
  NLP    6        -9.17745      0.22      129      0      conopt
  MIP    6       -81.17948      0.02       94      0      cplex
  NLP    7        -9.17745      0.22      129      0      conopt

IBM ILOG CPLEX   52.4.0 d810124c Jan 14, 2026          WEI x86 64bit/MS Window

--- GAMS/CPLEX licensed for continuous and discrete problems.
--- GMO setup time: 0.00s
--- Space for names approximately 0.09 Mb
--- Use option 'names no' to turn use of names off
--- GMO memory 1.60 Mb (peak 1.62 Mb)
--- Dictionary memory 0.00 Mb
--- Cplex 22.1.2.0 link memory 0.08 Mb (peak 0.38 Mb)
--- Starting Cplex

Version identifier: 22.1.2.0 | 2024-11-25 | 0edbb82fd
CPXPARAM_Advance                                 0
CPXPARAM_MIP_Display                             4
CPXPARAM_MIP_Pool_Capacity                       0
CPXPARAM_TimeLimit                               898.37400000003106
CPXPARAM_MIP_Tolerances_AbsMIPGap                0
CPXPARAM_MIP_Tolerances_MIPGap                   0
Generic callback                                 0x50
Tried aggregator 3 times.
MIP Presolve eliminated 2060 rows and 2033 columns.
MIP Presolve modified 721 coefficients.
Aggregator did 9 substitutions.
Reduced MIP has 451 rows, 722 columns, and 2139 nonzeros.
Reduced MIP has 0 binaries, 0 generals, 0 SOSs, and 0 indicators.
Presolve time = 0.00 sec. (4.73 ticks)
Tried aggregator 1 time.
Detecting symmetries...
MIP Presolve eliminated 4 rows and 0 columns.
Reduced MIP has 447 rows, 718 columns, and 2127 nonzeros.
Reduced MIP has 0 binaries, 0 generals, 0 SOSs, and 0 indicators.
Presolve time = 0.00 sec. (1.09 ticks)
MIP emphasis: balance optimality and feasibility.
MIP search method: dynamic search.
Parallel mode: deterministic, using up to 18 threads.
Initializing dual steep norms . . .

Iteration log . . .
Iteration:     1   Dual objective     =          -108.645568
Iteration:    66   Dual objective     =           -89.513040
Root relaxation solution time = 0.00 sec. (1.38 ticks)

        Nodes                                         Cuts/
   Node  Left     Objective  IInf  Best Integer    Best Bound    ItCnt     Gap

*     0     0      integral     0      -81.1795      -81.1795       94    0.00%
Elapsed time = 0.00 sec. (8.01 ticks, tree = 0.00 MB)
Found incumbent of value -81.179475 after 0.00 sec. (8.01 ticks)

Root node processing (before b&c):
  Real time             =    0.00 sec. (8.06 ticks)
Parallel b&c, 18 threads:
  Real time             =    0.00 sec. (0.00 ticks)
  Sync time (average)   =    0.00 sec.
  Wait time (average)   =    0.00 sec.
                          ------------
Total (root+branch&cut) =    0.00 sec. (8.06 ticks)

--- MIP status (101): integer optimal solution.
--- Cplex Time: 0.00sec (det. 8.07 ticks)

--- Returning a primal only solution to GAMS (marginals all set to NA).
--- Fixing integer variables and solving final LP...

Version identifier: 22.1.2.0 | 2024-11-25 | 0edbb82fd
CPXPARAM_Advance                                 2
CPXPARAM_MIP_Display                             4
CPXPARAM_MIP_Pool_Capacity                       0
CPXPARAM_TimeLimit                               898.37400000003106
CPXPARAM_MIP_Tolerances_AbsMIPGap                0
CPXPARAM_MIP_Tolerances_MIPGap                   0
Tried aggregator 1 time.
LP Presolve eliminated 2066 rows and 2039 columns.
Aggregator did 3 substitutions.
Reduced LP has 451 rows, 722 columns, and 2139 nonzeros.
Presolve time = 0.00 sec. (2.51 ticks)
Initializing dual steep norms . . .

Iteration log . . .
Iteration:     1   Dual objective     =          -108.751010
Iteration:    66   Dual objective     =           -89.513040

--- Fixed MIP status (1): optimal.
--- Cplex Time: 0.02sec (det. 5.13 ticks)


Proven optimal solution
MIP Solution:          -81.179475    (94 iterations, 0 nodes)
Final Solve:           -81.179475    (94 iterations)

Best possible:         -81.179475
Absolute gap:           -0.000000
Relative gap:           -0.000000

--- DICOPT: Starting major iteration 8
--- DICOPT: Setting up next NLP

CONOPT 4         52.4.0 d810124c Jan 14, 2026          WEI x86 64bit/MS Window

 
 
    C O N O P T   version 4.39.0
    Copyright (C) GAMS Software GmbH
                  GAMS Development Corporation
 
    Will use up to 4 threads.
 
 
    The user model has 1421 constraints and 575 variables
    with 5941 Jacobian elements, 1365 of which are nonlinear.
    The Hessian of the Lagrangian has 273 elements on the diagonal,
    0 elements below the diagonal, and 273 nonlinear variables.
 
    Iter Phase   Ninf   Infeasibility   RGmax      NSB   Step  InItr MX OK
       0   0          1.4529124983E+07 (Input point)
 
    The pre-triangular part of the model has 602 constraints and 28 variables.
    The post-triangular part of the model has 1 constraints and variables.
 
    Preprocessed model has 818 constraints and 546 variables
    with 2987 Jacobian elements, 544 of which are nonlinear.
 
    Iter Phase   Ninf   Infeasibility   RGmax      NSB   Step  InItr MX OK
                      8.0875669486E+04 (Full preprocessed model)
                      2.5065264799E+00 (After scaling)
                      2.5710443255E-01 (After adjusting individual variables)
       1   0          1.5407534015E-01                 1.0E+00     3 T  T
       2   0          1.5395157505E-01                 1.0E+00     1 T  T
       3   0          1.5394999325E-01                 1.0E+00     1 T  T
       4   1     270  1.4780169175E-01 2.2E+01      25 1.0E+00    25 T  T
       5   1     270  1.3900451240E-01 7.7E+01      33 4.9E-01    35 T  T
       6   1     267  1.2424560268E-01 1.5E+02      24 1.0E+00    25 T  T
       7   1     267  1.1477743384E-01 3.0E+02      24 1.0E+00    25 T  T
 
    Iter Phase   Ninf   Infeasibility   RGmax      NSB   Step  InItr MX OK
       8   1     267  1.0309307290E-01 5.0E+02      34 9.7E-01    35 T  T
       9   1     266  9.3655873029E-02 5.4E+02      25 1.0E+00    25 T  T
      10   1     265  7.7965353340E-02 8.9E+02      30 8.4E-01    35 F  F
      11   1     265  6.6278323444E-02 1.3E+02      25 9.3E-01    25 T  T
      12   1     263  6.0174489845E-02 2.0E+02      22 1.0E+00    25 T  T
      13   1     261  5.0035280004E-02 3.9E+01      30 1.0E+00    35 T  T
      14   1     259  3.1061707308E-02 1.1E+02      36 4.8E-01    45 T  T
      15   1     259  2.6154926609E-02 1.2E+02      22 2.5E-01    25 T  T
      16   1     256  2.3833474618E-02 1.2E+02      17 1.0E+00    25 T  T
      17   1     251  1.7077204269E-02 4.2E+02      24 1.0E+00    32 T  T
 
    Iter Phase   Ninf   Infeasibility   RGmax      NSB   Step  InItr MX OK
      18   1     247  1.1380757390E-02 1.7E+01      38 6.2E-01    49 T  T
      19   1     245  1.0460855976E-02 1.1E+01     223 1.0E+00    25 T  T
      20   1     242  1.0150892039E-02 2.0E+01      31 1.2E-01    35 T  T
      21   1     238  9.4178165664E-03 1.1E+01      30 1.0E+00    25 T  T
      22   1     238  9.2357628480E-03 1.7E+01     220 8.8E-02    35 T  T
      23   1     234  9.1471627532E-03 7.2E+00     219 1.0E+00     9 T  T
      24   1     230  8.3838074440E-03 1.6E+02      16 1.0E+00    14 T  T
      25   1     227  6.0908679937E-03 1.5E+02      23 1.0E+00    19 T  T
      26   1     224  4.8480546487E-03 1.5E+02      15 1.0E+00    19 T  T
      27   1     216  3.9141581605E-03 7.4E+00      17 5.9E-01    19 F  F
 
    Iter Phase   Ninf   Infeasibility   RGmax      NSB   Step  InItr MX OK
      28   1     210  3.3088787316E-03 1.5E+01      21 1.0E+00    24 T  T
      29   1     210  3.2877774267E-03 5.4E+00      24 2.4E-02    35 T  T
      30   1     207  3.1454065346E-03 6.8E+01      12 1.0E+00    10 T  T
      31   1     197  3.0738777414E-03 1.3E+01      13 1.0E+00    11 T  T
      32   1     181  2.2756866374E-03 2.1E+01      22 1.0E+00    18 T  T
      33   1     181  2.2748648751E-03 2.1E+02      13 2.1E-02    13 T  T
      34   1     181  2.2748586968E-03 5.6E+01      21 0.0E+00     7 F  F
      35   0          2.2748772067E-03                 2.2E-03
      37   1     181  2.0889299954E-03 7.7E+00     266 1.0E+00     6 T  T
      38   1     180  2.0385391875E-03 3.9E+02       5 1.0E+00     4 T  T
      39   1     178  1.8354782412E-03 3.7E+00      14 1.0E+00    17 T  T
 
    Iter Phase   Ninf   Infeasibility   RGmax      NSB   Step  InItr MX OK
      40   1     162  1.3840412096E-03 7.1E+00      24 1.0E+00    20 T  T
      41   1     154  1.1777791701E-03 3.3E+02      18 1.0E+00    36 T  T
      42   1     136  9.0208417368E-04 8.3E+00      18 1.0E+00    49 T  T
      43   1     128  4.8879509982E-04 1.8E+02      47 1.0E+00    58 T  T
      44   1      91  4.8156326390E-04 6.8E+01      56 1.9E-02    66 T  T
      45   1      74  3.5352734611E-04 2.0E+00      25 1.0E+00    10 T  T
      46   1      60  1.3555004956E-04 1.9E+00      33 1.0E+00    14 T  T
      47   1      51  1.1798467004E-04 1.6E+00      22 3.5E-01    19 F  T
      48   1      40  8.3174115010E-05 5.1E+01      28 5.5E-01    17 F  F
      49   1      28  6.4944062401E-05 7.7E+00      18 1.0E+00    22 T  T
 
    Iter Phase   Ninf   Infeasibility   RGmax      NSB   Step  InItr MX OK
      50   1      28  6.4941842159E-05 1.6E+00       6 1.0E+00    29 T  T
      51   1      24  6.1236819861E-05 9.1E+01      47 1.0E+00    12 T  T
      52   1      24  6.1201153599E-05 1.1E+01      28 1.5E-02     8 T  T
      53   1      22  5.6335691750E-05 5.7E+00      10 1.0E+00    10 T  T
      54   1      21  5.4946128859E-05 7.5E+00      15 1.0E+00    12 T  T
      55   1      21  5.4945963592E-05 1.3E-01      27 1.0E+00    19 T  T
      56   1      18  4.7048550784E-05 2.9E+00      12 1.0E+00     3 T  T
      57   1      18  4.6957506559E-05 1.1E+01      18 3.6E-02    11 T  T
      59   1      18  4.7055816323E-05 4.6E+01       4 1.5E-18     6 F  F
      60   1      18  4.7057495694E-05 5.5E+00      41 1.0E+00     4 T  T
 
    Iter Phase   Ninf   Infeasibility   RGmax      NSB   Step  InItr MX OK
      61   1      12  3.2390151690E-05 1.0E+00      39 1.0E+00     7 T  T
      62   1       8  2.2207081146E-05 9.0E+00       5 1.0E+00     6 T  T
      63   1       6  1.8755872754E-05 2.6E+02      63 1.0E+00    22 T  T
      64   1       3  8.5860442246E-06 2.9E+01      38 1.0E+00     5 T  T
      65   1       3  8.5861492259E-06 1.0E+00       2 0.0E+00       T  T
      66   1       3  8.5949019009E-06 1.0E+00       1 0.0E+00       T  T
      67   1       3  8.5949413486E-06 1.8E+01       1 0.0E+00       T  T
      68   1       3  8.5949413486E-06 1.4E+01       1 0.0E+00       T  T
      69   1       3  8.5949413486E-06 1.2E+01       1 0.0E+00       T  T
      70   1       3  8.5949413486E-06 4.1E+00       1 0.0E+00       T  T
 
    Iter Phase   Ninf   Infeasibility   RGmax      NSB   Step  InItr MX OK
      71   1       3  8.5949413486E-06 3.6E+00       1 0.0E+00       T  T
      72   1       3  8.5949413486E-06 1.5E+00       1 0.0E+00       T  T
      73   1       3  5.6952759500E-06 5.2E-04       1 1.1E+01       T  T
      74   1       2  5.0178023807E-06 5.2E-04       1 2.6E+00       T  T
      75   1       1  2.5463278191E-06 4.2E-04       5 1.4E+01       T  T
      76   1       1  2.5430704318E-06 6.1E-02      27 0.0E+00       T  T
      77   1       1  2.5430704318E-06 6.1E-02      26 0.0E+00       T  T
      78   1       1  2.5430829150E-06 6.1E-02      25 0.0E+00       T  T
      79   1       1  2.5430829150E-06 6.1E-02      24 0.0E+00       T  T
      80   1       1  2.5430829150E-06 6.1E-02      23 0.0E+00       T  T
 
    Iter Phase   Ninf   Infeasibility   RGmax      NSB   Step  InItr MX OK
      81   1       1  2.5430829150E-06 6.1E-02      22 0.0E+00       T  T
      82   1       1  2.5430704318E-06 6.1E-02      21 0.0E+00       T  T
      83   1       1  2.5430829150E-06 6.1E-02      20 0.0E+00       T  T
      84   1       1  2.5430704318E-06 6.1E-02      19 0.0E+00       T  T
      85   1       1  2.5430829150E-06 6.1E-02      18 0.0E+00       T  T
      86   1       1  2.5430829150E-06 6.1E-02      17 0.0E+00       T  T
      87   1       1  2.5430704318E-06 6.1E-02      16 0.0E+00       T  T
      88   1       1  2.5430829150E-06 6.1E-02      15 0.0E+00       T  T
      89   1       1  2.5430829150E-06 6.1E-02      14 0.0E+00       T  T
      90   1       1  2.5430829150E-06 6.1E-02      13 0.0E+00       T  T
 
    Iter Phase   Ninf   Infeasibility   RGmax      NSB   Step  InItr MX OK
      91   1       1  2.5430704318E-06 6.1E-02      12 0.0E+00       T  T
      92   1       1  2.5430829150E-06 6.1E-02      11 0.0E+00       T  T
      93   1       1  2.5430704318E-06 6.1E-02      10 0.0E+00       T  T
      94   1       1  2.5430704318E-06 6.1E-02       9 0.0E+00       T  T
      95   1       1  2.5430611364E-06 6.1E-02       8 1.5E-09       T  T
      96   1       1  2.5430645405E-06 4.2E-02       7 9.8E-10       T  T
 
 ** Feasible solution. Value of objective =   -6.56144411602
 
 ** Loss of feasibility while tightening tolerances - Return to phase 0.
 
    Iter Phase   Ninf   Infeasibility   RGmax      NSB   Step  InItr MX OK
     100   0          1.2590659451E-07
     101   1      11  1.2556464925E-07 2.1E-01      31 0.0E+00       T  T
     106   1      11  1.2556464929E-07 1.0E-01      26 0.0E+00       T  T
     111   1      11  1.2556464931E-07 6.8E-02      21 0.0E+00       T  T
     116   1      11  1.2556464931E-07 2.3E-02      16 0.0E+00       T  T
     121   1       9  5.6263769075E-08 2.6E-06      11 1.5E+02       T  T
     124   1       1  3.5929148167E-09 1.1E+00      22 1.0E+00    15 T  T
 
 ** Feasible solution. Value of objective =   -6.56458641110
 
    Iter Phase   Ninf     Objective     RGmax      NSB   Step  InItr MX OK
     125   3         -6.7461746987E+00 7.4E+03     129 6.4E-02     1 T  T
     127   3         -9.1778094751E+00 7.4E+03      10 1.0E+00     1 T  T
     129   4         -9.1774534172E+00 0.0E+00       0
 
 ** Optimal solution. There are no superbasic variables.
 
--- DICOPT: Checking convergence
--- DICOPT: Setting up next MIP
--- DICOPT: Log File:
 Major Major     Objective    CPU time  Itera- Evaluation Solver
 Step  Iter       Function     (Sec)    tions   Errors
  NLP    1      -201.18693      0.38       72      0      conopt
  MIP    1      -201.18693      0.00       93      0      cplex
  NLP    2       -12.74128<     0.06       22      0      conopt
  MIP    2       -81.17948      0.02       94      0      cplex
  NLP    3        -9.17745      0.23      129      0      conopt
  MIP    3       -81.17948      0.02       94      0      cplex
  NLP    4        -9.17745      0.22      129      0      conopt
  MIP    4       -81.17948      0.01       94      0      cplex
  NLP    5        -9.17745      0.22      129      0      conopt
  MIP    5       -81.17948      0.02       94      0      cplex
  NLP    6        -9.17745      0.22      129      0      conopt
  MIP    6       -81.17948      0.02       94      0      cplex
  NLP    7        -9.17745      0.22      129      0      conopt
  MIP    7       -81.17948      0.02       94      0      cplex
  NLP    8        -9.17745      0.22      129      0      conopt

IBM ILOG CPLEX   52.4.0 d810124c Jan 14, 2026          WEI x86 64bit/MS Window

--- GAMS/CPLEX licensed for continuous and discrete problems.
--- GMO setup time: 0.00s
--- Space for names approximately 0.09 Mb
--- Use option 'names no' to turn use of names off
--- GMO memory 1.60 Mb (peak 1.62 Mb)
--- Dictionary memory 0.00 Mb
--- Cplex 22.1.2.0 link memory 0.08 Mb (peak 0.38 Mb)
--- Starting Cplex

Version identifier: 22.1.2.0 | 2024-11-25 | 0edbb82fd
CPXPARAM_Advance                                 0
CPXPARAM_MIP_Display                             4
CPXPARAM_MIP_Pool_Capacity                       0
CPXPARAM_TimeLimit                               898.13900000002775
CPXPARAM_MIP_Tolerances_AbsMIPGap                0
CPXPARAM_MIP_Tolerances_MIPGap                   0
Generic callback                                 0x50
Tried aggregator 3 times.
MIP Presolve eliminated 2061 rows and 2033 columns.
MIP Presolve modified 721 coefficients.
Aggregator did 9 substitutions.
Reduced MIP has 451 rows, 722 columns, and 2139 nonzeros.
Reduced MIP has 0 binaries, 0 generals, 0 SOSs, and 0 indicators.
Presolve time = 0.00 sec. (4.74 ticks)
Tried aggregator 1 time.
Detecting symmetries...
MIP Presolve eliminated 4 rows and 0 columns.
Reduced MIP has 447 rows, 718 columns, and 2127 nonzeros.
Reduced MIP has 0 binaries, 0 generals, 0 SOSs, and 0 indicators.
Presolve time = 0.00 sec. (1.09 ticks)
MIP emphasis: balance optimality and feasibility.
MIP search method: dynamic search.
Parallel mode: deterministic, using up to 18 threads.
Initializing dual steep norms . . .

Iteration log . . .
Iteration:     1   Dual objective     =          -108.645568
Iteration:    66   Dual objective     =           -89.513040
Root relaxation solution time = 0.00 sec. (1.38 ticks)

        Nodes                                         Cuts/
   Node  Left     Objective  IInf  Best Integer    Best Bound    ItCnt     Gap

*     0     0      integral     0      -81.1795      -81.1795       94    0.00%
Elapsed time = 0.00 sec. (8.02 ticks, tree = 0.00 MB)
Found incumbent of value -81.179475 after 0.00 sec. (8.02 ticks)

Root node processing (before b&c):
  Real time             =    0.00 sec. (8.07 ticks)
Parallel b&c, 18 threads:
  Real time             =    0.00 sec. (0.00 ticks)
  Sync time (average)   =    0.00 sec.
  Wait time (average)   =    0.00 sec.
                          ------------
Total (root+branch&cut) =    0.00 sec. (8.07 ticks)

--- MIP status (101): integer optimal solution.
--- Cplex Time: 0.00sec (det. 8.08 ticks)

--- Returning a primal only solution to GAMS (marginals all set to NA).
--- Fixing integer variables and solving final LP...

Version identifier: 22.1.2.0 | 2024-11-25 | 0edbb82fd
CPXPARAM_Advance                                 2
CPXPARAM_MIP_Display                             4
CPXPARAM_MIP_Pool_Capacity                       0
CPXPARAM_TimeLimit                               898.13900000002775
CPXPARAM_MIP_Tolerances_AbsMIPGap                0
CPXPARAM_MIP_Tolerances_MIPGap                   0
Tried aggregator 1 time.
LP Presolve eliminated 2067 rows and 2039 columns.
Aggregator did 3 substitutions.
Reduced LP has 451 rows, 722 columns, and 2139 nonzeros.
Presolve time = 0.02 sec. (2.51 ticks)
Initializing dual steep norms . . .

Iteration log . . .
Iteration:     1   Dual objective     =          -108.751010
Iteration:    66   Dual objective     =           -89.513040

--- Fixed MIP status (1): optimal.
--- Cplex Time: 0.02sec (det. 5.13 ticks)


Proven optimal solution
MIP Solution:          -81.179475    (94 iterations, 0 nodes)
Final Solve:           -81.179475    (94 iterations)

Best possible:         -81.179475
Absolute gap:           -0.000000
Relative gap:           -0.000000

--- DICOPT: Starting major iteration 9
--- DICOPT: Setting up next NLP

CONOPT 4         52.4.0 d810124c Jan 14, 2026          WEI x86 64bit/MS Window

 
 
    C O N O P T   version 4.39.0
    Copyright (C) GAMS Software GmbH
                  GAMS Development Corporation
 
    Will use up to 4 threads.
 
 
    The user model has 1421 constraints and 575 variables
    with 5941 Jacobian elements, 1365 of which are nonlinear.
    The Hessian of the Lagrangian has 273 elements on the diagonal,
    0 elements below the diagonal, and 273 nonlinear variables.
 
    Iter Phase   Ninf   Infeasibility   RGmax      NSB   Step  InItr MX OK
       0   0          1.4529124983E+07 (Input point)
 
    The pre-triangular part of the model has 602 constraints and 28 variables.
    The post-triangular part of the model has 1 constraints and variables.
 
    Preprocessed model has 818 constraints and 546 variables
    with 2987 Jacobian elements, 544 of which are nonlinear.
 
    Iter Phase   Ninf   Infeasibility   RGmax      NSB   Step  InItr MX OK
                      8.0875669486E+04 (Full preprocessed model)
                      2.5065264799E+00 (After scaling)
                      2.5710443255E-01 (After adjusting individual variables)
       1   0          1.5407534015E-01                 1.0E+00     3 T  T
       2   0          1.5395157505E-01                 1.0E+00     1 T  T
       3   0          1.5394999325E-01                 1.0E+00     1 T  T
       4   1     270  1.4780169175E-01 2.2E+01      25 1.0E+00    25 T  T
       5   1     270  1.3900451240E-01 7.7E+01      33 4.9E-01    35 T  T
       6   1     267  1.2424560268E-01 1.5E+02      24 1.0E+00    25 T  T
       7   1     267  1.1477743384E-01 3.0E+02      24 1.0E+00    25 T  T
 
    Iter Phase   Ninf   Infeasibility   RGmax      NSB   Step  InItr MX OK
       8   1     267  1.0309307290E-01 5.0E+02      34 9.7E-01    35 T  T
       9   1     266  9.3655873029E-02 5.4E+02      25 1.0E+00    25 T  T
      10   1     265  7.7965353340E-02 8.9E+02      30 8.4E-01    35 F  F
      11   1     265  6.6278323444E-02 1.3E+02      25 9.3E-01    25 T  T
      12   1     263  6.0174489845E-02 2.0E+02      22 1.0E+00    25 T  T
      13   1     261  5.0035280004E-02 3.9E+01      30 1.0E+00    35 T  T
      14   1     259  3.1061707308E-02 1.1E+02      36 4.8E-01    45 T  T
      15   1     259  2.6154926609E-02 1.2E+02      22 2.5E-01    25 T  T
      16   1     256  2.3833474618E-02 1.2E+02      17 1.0E+00    25 T  T
      17   1     251  1.7077204269E-02 4.2E+02      24 1.0E+00    32 T  T
 
    Iter Phase   Ninf   Infeasibility   RGmax      NSB   Step  InItr MX OK
      18   1     247  1.1380757390E-02 1.7E+01      38 6.2E-01    49 T  T
      19   1     245  1.0460855976E-02 1.1E+01     223 1.0E+00    25 T  T
      20   1     242  1.0150892039E-02 2.0E+01      31 1.2E-01    35 T  T
      21   1     238  9.4178165664E-03 1.1E+01      30 1.0E+00    25 T  T
      22   1     238  9.2357628480E-03 1.7E+01     220 8.8E-02    35 T  T
      23   1     234  9.1471627532E-03 7.2E+00     219 1.0E+00     9 T  T
      24   1     230  8.3838074440E-03 1.6E+02      16 1.0E+00    14 T  T
      25   1     227  6.0908679937E-03 1.5E+02      23 1.0E+00    19 T  T
      26   1     224  4.8480546487E-03 1.5E+02      15 1.0E+00    19 T  T
      27   1     216  3.9141581605E-03 7.4E+00      17 5.9E-01    19 F  F
 
    Iter Phase   Ninf   Infeasibility   RGmax      NSB   Step  InItr MX OK
      28   1     210  3.3088787316E-03 1.5E+01      21 1.0E+00    24 T  T
      29   1     210  3.2877774267E-03 5.4E+00      24 2.4E-02    35 T  T
      30   1     207  3.1454065346E-03 6.8E+01      12 1.0E+00    10 T  T
      31   1     197  3.0738777414E-03 1.3E+01      13 1.0E+00    11 T  T
      32   1     181  2.2756866374E-03 2.1E+01      22 1.0E+00    18 T  T
      33   1     181  2.2748648751E-03 2.1E+02      13 2.1E-02    13 T  T
      34   1     181  2.2748586968E-03 5.6E+01      21 0.0E+00     7 F  F
      35   0          2.2748772067E-03                 2.2E-03
      37   1     181  2.0889299954E-03 7.7E+00     266 1.0E+00     6 T  T
      38   1     180  2.0385391875E-03 3.9E+02       5 1.0E+00     4 T  T
      39   1     178  1.8354782412E-03 3.7E+00      14 1.0E+00    17 T  T
 
    Iter Phase   Ninf   Infeasibility   RGmax      NSB   Step  InItr MX OK
      40   1     162  1.3840412096E-03 7.1E+00      24 1.0E+00    20 T  T
      41   1     154  1.1777791701E-03 3.3E+02      18 1.0E+00    36 T  T
      42   1     136  9.0208417368E-04 8.3E+00      18 1.0E+00    49 T  T
      43   1     128  4.8879509982E-04 1.8E+02      47 1.0E+00    58 T  T
      44   1      91  4.8156326390E-04 6.8E+01      56 1.9E-02    66 T  T
      45   1      74  3.5352734611E-04 2.0E+00      25 1.0E+00    10 T  T
      46   1      60  1.3555004956E-04 1.9E+00      33 1.0E+00    14 T  T
      47   1      51  1.1798467004E-04 1.6E+00      22 3.5E-01    19 F  T
      48   1      40  8.3174115010E-05 5.1E+01      28 5.5E-01    17 F  F
      49   1      28  6.4944062401E-05 7.7E+00      18 1.0E+00    22 T  T
 
    Iter Phase   Ninf   Infeasibility   RGmax      NSB   Step  InItr MX OK
      50   1      28  6.4941842159E-05 1.6E+00       6 1.0E+00    29 T  T
      51   1      24  6.1236819861E-05 9.1E+01      47 1.0E+00    12 T  T
      52   1      24  6.1201153599E-05 1.1E+01      28 1.5E-02     8 T  T
      53   1      22  5.6335691750E-05 5.7E+00      10 1.0E+00    10 T  T
      54   1      21  5.4946128859E-05 7.5E+00      15 1.0E+00    12 T  T
      55   1      21  5.4945963592E-05 1.3E-01      27 1.0E+00    19 T  T
      56   1      18  4.7048550784E-05 2.9E+00      12 1.0E+00     3 T  T
      57   1      18  4.6957506559E-05 1.1E+01      18 3.6E-02    11 T  T
      59   1      18  4.7055816323E-05 4.6E+01       4 1.5E-18     6 F  F
      60   1      18  4.7057495694E-05 5.5E+00      41 1.0E+00     4 T  T
 
    Iter Phase   Ninf   Infeasibility   RGmax      NSB   Step  InItr MX OK
      61   1      12  3.2390151690E-05 1.0E+00      39 1.0E+00     7 T  T
      62   1       8  2.2207081146E-05 9.0E+00       5 1.0E+00     6 T  T
      63   1       6  1.8755872754E-05 2.6E+02      63 1.0E+00    22 T  T
      64   1       3  8.5860442246E-06 2.9E+01      38 1.0E+00     5 T  T
      65   1       3  8.5861492259E-06 1.0E+00       2 0.0E+00       T  T
      66   1       3  8.5949019009E-06 1.0E+00       1 0.0E+00       T  T
      67   1       3  8.5949413486E-06 1.8E+01       1 0.0E+00       T  T
      68   1       3  8.5949413486E-06 1.4E+01       1 0.0E+00       T  T
      69   1       3  8.5949413486E-06 1.2E+01       1 0.0E+00       T  T
      70   1       3  8.5949413486E-06 4.1E+00       1 0.0E+00       T  T
 
    Iter Phase   Ninf   Infeasibility   RGmax      NSB   Step  InItr MX OK
      71   1       3  8.5949413486E-06 3.6E+00       1 0.0E+00       T  T
      72   1       3  8.5949413486E-06 1.5E+00       1 0.0E+00       T  T
      73   1       3  5.6952759500E-06 5.2E-04       1 1.1E+01       T  T
      74   1       2  5.0178023807E-06 5.2E-04       1 2.6E+00       T  T
      75   1       1  2.5463278191E-06 4.2E-04       5 1.4E+01       T  T
      76   1       1  2.5430704318E-06 6.1E-02      27 0.0E+00       T  T
      77   1       1  2.5430704318E-06 6.1E-02      26 0.0E+00       T  T
      78   1       1  2.5430829150E-06 6.1E-02      25 0.0E+00       T  T
      79   1       1  2.5430829150E-06 6.1E-02      24 0.0E+00       T  T
      80   1       1  2.5430829150E-06 6.1E-02      23 0.0E+00       T  T
 
    Iter Phase   Ninf   Infeasibility   RGmax      NSB   Step  InItr MX OK
      81   1       1  2.5430829150E-06 6.1E-02      22 0.0E+00       T  T
      82   1       1  2.5430704318E-06 6.1E-02      21 0.0E+00       T  T
      83   1       1  2.5430829150E-06 6.1E-02      20 0.0E+00       T  T
      84   1       1  2.5430704318E-06 6.1E-02      19 0.0E+00       T  T
      85   1       1  2.5430829150E-06 6.1E-02      18 0.0E+00       T  T
      86   1       1  2.5430829150E-06 6.1E-02      17 0.0E+00       T  T
      87   1       1  2.5430704318E-06 6.1E-02      16 0.0E+00       T  T
      88   1       1  2.5430829150E-06 6.1E-02      15 0.0E+00       T  T
      89   1       1  2.5430829150E-06 6.1E-02      14 0.0E+00       T  T
      90   1       1  2.5430829150E-06 6.1E-02      13 0.0E+00       T  T
 
    Iter Phase   Ninf   Infeasibility   RGmax      NSB   Step  InItr MX OK
      91   1       1  2.5430704318E-06 6.1E-02      12 0.0E+00       T  T
      92   1       1  2.5430829150E-06 6.1E-02      11 0.0E+00       T  T
      93   1       1  2.5430704318E-06 6.1E-02      10 0.0E+00       T  T
      94   1       1  2.5430704318E-06 6.1E-02       9 0.0E+00       T  T
      95   1       1  2.5430611364E-06 6.1E-02       8 1.5E-09       T  T
      96   1       1  2.5430645405E-06 4.2E-02       7 9.8E-10       T  T
 
 ** Feasible solution. Value of objective =   -6.56144411602
 
 ** Loss of feasibility while tightening tolerances - Return to phase 0.
 
    Iter Phase   Ninf   Infeasibility   RGmax      NSB   Step  InItr MX OK
     100   0          1.2590659451E-07
     101   1      11  1.2556464925E-07 2.1E-01      31 0.0E+00       T  T
     106   1      11  1.2556464929E-07 1.0E-01      26 0.0E+00       T  T
     111   1      11  1.2556464931E-07 6.8E-02      21 0.0E+00       T  T
     116   1      11  1.2556464931E-07 2.3E-02      16 0.0E+00       T  T
     121   1       9  5.6263769075E-08 2.6E-06      11 1.5E+02       T  T
     124   1       1  3.5929148167E-09 1.1E+00      22 1.0E+00    15 T  T
 
 ** Feasible solution. Value of objective =   -6.56458641110
 
    Iter Phase   Ninf     Objective     RGmax      NSB   Step  InItr MX OK
     125   3         -6.7461746987E+00 7.4E+03     129 6.4E-02     1 T  T
     127   3         -9.1778094751E+00 7.4E+03      10 1.0E+00     1 T  T
     129   4         -9.1774534172E+00 0.0E+00       0
 
 ** Optimal solution. There are no superbasic variables.
 
--- DICOPT: Checking convergence
--- DICOPT: Setting up next MIP
--- DICOPT: Log File:
 Major Major     Objective    CPU time  Itera- Evaluation Solver
 Step  Iter       Function     (Sec)    tions   Errors
  NLP    1      -201.18693      0.38       72      0      conopt
  MIP    1      -201.18693      0.00       93      0      cplex
  NLP    2       -12.74128<     0.06       22      0      conopt
  MIP    2       -81.17948      0.02       94      0      cplex
  NLP    3        -9.17745      0.23      129      0      conopt
  MIP    3       -81.17948      0.02       94      0      cplex
  NLP    4        -9.17745      0.22      129      0      conopt
  MIP    4       -81.17948      0.01       94      0      cplex
  NLP    5        -9.17745      0.22      129      0      conopt
  MIP    5       -81.17948      0.02       94      0      cplex
  NLP    6        -9.17745      0.22      129      0      conopt
  MIP    6       -81.17948      0.02       94      0      cplex
  NLP    7        -9.17745      0.22      129      0      conopt
  MIP    7       -81.17948      0.02       94      0      cplex
  NLP    8        -9.17745      0.22      129      0      conopt
  MIP    8       -81.17948      0.02       94      0      cplex
  NLP    9        -9.17745      0.23      129      0      conopt

IBM ILOG CPLEX   52.4.0 d810124c Jan 14, 2026          WEI x86 64bit/MS Window

--- GAMS/CPLEX licensed for continuous and discrete problems.
--- GMO setup time: 0.00s
--- Space for names approximately 0.09 Mb
--- Use option 'names no' to turn use of names off
--- GMO memory 1.60 Mb (peak 1.62 Mb)
--- Dictionary memory 0.00 Mb
--- Cplex 22.1.2.0 link memory 0.08 Mb (peak 0.38 Mb)
--- Starting Cplex

Version identifier: 22.1.2.0 | 2024-11-25 | 0edbb82fd
CPXPARAM_Advance                                 0
CPXPARAM_MIP_Display                             4
CPXPARAM_MIP_Pool_Capacity                       0
CPXPARAM_TimeLimit                               897.88900000002445
CPXPARAM_MIP_Tolerances_AbsMIPGap                0
CPXPARAM_MIP_Tolerances_MIPGap                   0
Generic callback                                 0x50
Tried aggregator 3 times.
MIP Presolve eliminated 2062 rows and 2033 columns.
MIP Presolve modified 721 coefficients.
Aggregator did 9 substitutions.
Reduced MIP has 451 rows, 722 columns, and 2139 nonzeros.
Reduced MIP has 0 binaries, 0 generals, 0 SOSs, and 0 indicators.
Presolve time = 0.00 sec. (4.75 ticks)
Tried aggregator 1 time.
Detecting symmetries...
MIP Presolve eliminated 4 rows and 0 columns.
Reduced MIP has 447 rows, 718 columns, and 2127 nonzeros.
Reduced MIP has 0 binaries, 0 generals, 0 SOSs, and 0 indicators.
Presolve time = 0.00 sec. (1.09 ticks)
MIP emphasis: balance optimality and feasibility.
MIP search method: dynamic search.
Parallel mode: deterministic, using up to 18 threads.
Initializing dual steep norms . . .

Iteration log . . .
Iteration:     1   Dual objective     =          -108.645568
Iteration:    66   Dual objective     =           -89.513040
Root relaxation solution time = 0.00 sec. (1.38 ticks)

        Nodes                                         Cuts/
   Node  Left     Objective  IInf  Best Integer    Best Bound    ItCnt     Gap

*     0     0      integral     0      -81.1795      -81.1795       94    0.00%
Elapsed time = 0.00 sec. (8.04 ticks, tree = 0.00 MB)
Found incumbent of value -81.179475 after 0.00 sec. (8.04 ticks)

Root node processing (before b&c):
  Real time             =    0.00 sec. (8.08 ticks)
Parallel b&c, 18 threads:
  Real time             =    0.00 sec. (0.00 ticks)
  Sync time (average)   =    0.00 sec.
  Wait time (average)   =    0.00 sec.
                          ------------
Total (root+branch&cut) =    0.00 sec. (8.08 ticks)

--- MIP status (101): integer optimal solution.
--- Cplex Time: 0.00sec (det. 8.09 ticks)

--- Returning a primal only solution to GAMS (marginals all set to NA).
--- Fixing integer variables and solving final LP...

Version identifier: 22.1.2.0 | 2024-11-25 | 0edbb82fd
CPXPARAM_Advance                                 2
CPXPARAM_MIP_Display                             4
CPXPARAM_MIP_Pool_Capacity                       0
CPXPARAM_TimeLimit                               897.88900000002445
CPXPARAM_MIP_Tolerances_AbsMIPGap                0
CPXPARAM_MIP_Tolerances_MIPGap                   0
Tried aggregator 1 time.
LP Presolve eliminated 2068 rows and 2039 columns.
Aggregator did 3 substitutions.
Reduced LP has 451 rows, 722 columns, and 2139 nonzeros.
Presolve time = 0.02 sec. (2.51 ticks)
Initializing dual steep norms . . .

Iteration log . . .
Iteration:     1   Dual objective     =          -108.751010
Iteration:    66   Dual objective     =           -89.513040

--- Fixed MIP status (1): optimal.
--- Cplex Time: 0.02sec (det. 5.13 ticks)


Proven optimal solution
MIP Solution:          -81.179475    (94 iterations, 0 nodes)
Final Solve:           -81.179475    (94 iterations)

Best possible:         -81.179475
Absolute gap:           -0.000000
Relative gap:           -0.000000

--- DICOPT: Starting major iteration 10
--- DICOPT: Setting up next NLP

CONOPT 4         52.4.0 d810124c Jan 14, 2026          WEI x86 64bit/MS Window

 
 
    C O N O P T   version 4.39.0
    Copyright (C) GAMS Software GmbH
                  GAMS Development Corporation
 
    Will use up to 4 threads.
 
 
    The user model has 1421 constraints and 575 variables
    with 5941 Jacobian elements, 1365 of which are nonlinear.
    The Hessian of the Lagrangian has 273 elements on the diagonal,
    0 elements below the diagonal, and 273 nonlinear variables.
 
    Iter Phase   Ninf   Infeasibility   RGmax      NSB   Step  InItr MX OK
       0   0          1.4529124983E+07 (Input point)
 
    The pre-triangular part of the model has 602 constraints and 28 variables.
    The post-triangular part of the model has 1 constraints and variables.
 
    Preprocessed model has 818 constraints and 546 variables
    with 2987 Jacobian elements, 544 of which are nonlinear.
 
    Iter Phase   Ninf   Infeasibility   RGmax      NSB   Step  InItr MX OK
                      8.0875669486E+04 (Full preprocessed model)
                      2.5065264799E+00 (After scaling)
                      2.5710443255E-01 (After adjusting individual variables)
       1   0          1.5407534015E-01                 1.0E+00     3 T  T
       2   0          1.5395157505E-01                 1.0E+00     1 T  T
       3   0          1.5394999325E-01                 1.0E+00     1 T  T
       4   1     270  1.4780169175E-01 2.2E+01      25 1.0E+00    25 T  T
       5   1     270  1.3900451240E-01 7.7E+01      33 4.9E-01    35 T  T
       6   1     267  1.2424560268E-01 1.5E+02      24 1.0E+00    25 T  T
       7   1     267  1.1477743384E-01 3.0E+02      24 1.0E+00    25 T  T
 
    Iter Phase   Ninf   Infeasibility   RGmax      NSB   Step  InItr MX OK
       8   1     267  1.0309307290E-01 5.0E+02      34 9.7E-01    35 T  T
       9   1     266  9.3655873029E-02 5.4E+02      25 1.0E+00    25 T  T
      10   1     265  7.7965353340E-02 8.9E+02      30 8.4E-01    35 F  F
      11   1     265  6.6278323444E-02 1.3E+02      25 9.3E-01    25 T  T
      12   1     263  6.0174489845E-02 2.0E+02      22 1.0E+00    25 T  T
      13   1     261  5.0035280004E-02 3.9E+01      30 1.0E+00    35 T  T
      14   1     259  3.1061707308E-02 1.1E+02      36 4.8E-01    45 T  T
      15   1     259  2.6154926609E-02 1.2E+02      22 2.5E-01    25 T  T
      16   1     256  2.3833474618E-02 1.2E+02      17 1.0E+00    25 T  T
      17   1     251  1.7077204269E-02 4.2E+02      24 1.0E+00    32 T  T
 
    Iter Phase   Ninf   Infeasibility   RGmax      NSB   Step  InItr MX OK
      18   1     247  1.1380757390E-02 1.7E+01      38 6.2E-01    49 T  T
      19   1     245  1.0460855976E-02 1.1E+01     223 1.0E+00    25 T  T
      20   1     242  1.0150892039E-02 2.0E+01      31 1.2E-01    35 T  T
      21   1     238  9.4178165664E-03 1.1E+01      30 1.0E+00    25 T  T
      22   1     238  9.2357628480E-03 1.7E+01     220 8.8E-02    35 T  T
      23   1     234  9.1471627532E-03 7.2E+00     219 1.0E+00     9 T  T
      24   1     230  8.3838074440E-03 1.6E+02      16 1.0E+00    14 T  T
      25   1     227  6.0908679937E-03 1.5E+02      23 1.0E+00    19 T  T
      26   1     224  4.8480546487E-03 1.5E+02      15 1.0E+00    19 T  T
      27   1     216  3.9141581605E-03 7.4E+00      17 5.9E-01    19 F  F
 
    Iter Phase   Ninf   Infeasibility   RGmax      NSB   Step  InItr MX OK
      28   1     210  3.3088787316E-03 1.5E+01      21 1.0E+00    24 T  T
      29   1     210  3.2877774267E-03 5.4E+00      24 2.4E-02    35 T  T
      30   1     207  3.1454065346E-03 6.8E+01      12 1.0E+00    10 T  T
      31   1     197  3.0738777414E-03 1.3E+01      13 1.0E+00    11 T  T
      32   1     181  2.2756866374E-03 2.1E+01      22 1.0E+00    18 T  T
      33   1     181  2.2748648751E-03 2.1E+02      13 2.1E-02    13 T  T
      34   1     181  2.2748586968E-03 5.6E+01      21 0.0E+00     7 F  F
      35   0          2.2748772067E-03                 2.2E-03
      37   1     181  2.0889299954E-03 7.7E+00     266 1.0E+00     6 T  T
      38   1     180  2.0385391875E-03 3.9E+02       5 1.0E+00     4 T  T
      39   1     178  1.8354782412E-03 3.7E+00      14 1.0E+00    17 T  T
 
    Iter Phase   Ninf   Infeasibility   RGmax      NSB   Step  InItr MX OK
      40   1     162  1.3840412096E-03 7.1E+00      24 1.0E+00    20 T  T
      41   1     154  1.1777791701E-03 3.3E+02      18 1.0E+00    36 T  T
      42   1     136  9.0208417368E-04 8.3E+00      18 1.0E+00    49 T  T
      43   1     128  4.8879509982E-04 1.8E+02      47 1.0E+00    58 T  T
      44   1      91  4.8156326390E-04 6.8E+01      56 1.9E-02    66 T  T
      45   1      74  3.5352734611E-04 2.0E+00      25 1.0E+00    10 T  T
      46   1      60  1.3555004956E-04 1.9E+00      33 1.0E+00    14 T  T
      47   1      51  1.1798467004E-04 1.6E+00      22 3.5E-01    19 F  T
      48   1      40  8.3174115010E-05 5.1E+01      28 5.5E-01    17 F  F
      49   1      28  6.4944062401E-05 7.7E+00      18 1.0E+00    22 T  T
 
    Iter Phase   Ninf   Infeasibility   RGmax      NSB   Step  InItr MX OK
      50   1      28  6.4941842159E-05 1.6E+00       6 1.0E+00    29 T  T
      51   1      24  6.1236819861E-05 9.1E+01      47 1.0E+00    12 T  T
      52   1      24  6.1201153599E-05 1.1E+01      28 1.5E-02     8 T  T
      53   1      22  5.6335691750E-05 5.7E+00      10 1.0E+00    10 T  T
      54   1      21  5.4946128859E-05 7.5E+00      15 1.0E+00    12 T  T
      55   1      21  5.4945963592E-05 1.3E-01      27 1.0E+00    19 T  T
      56   1      18  4.7048550784E-05 2.9E+00      12 1.0E+00     3 T  T
      57   1      18  4.6957506559E-05 1.1E+01      18 3.6E-02    11 T  T
      59   1      18  4.7055816323E-05 4.6E+01       4 1.5E-18     6 F  F
      60   1      18  4.7057495694E-05 5.5E+00      41 1.0E+00     4 T  T
 
    Iter Phase   Ninf   Infeasibility   RGmax      NSB   Step  InItr MX OK
      61   1      12  3.2390151690E-05 1.0E+00      39 1.0E+00     7 T  T
      62   1       8  2.2207081146E-05 9.0E+00       5 1.0E+00     6 T  T
      63   1       6  1.8755872754E-05 2.6E+02      63 1.0E+00    22 T  T
      64   1       3  8.5860442246E-06 2.9E+01      38 1.0E+00     5 T  T
      65   1       3  8.5861492259E-06 1.0E+00       2 0.0E+00       T  T
      66   1       3  8.5949019009E-06 1.0E+00       1 0.0E+00       T  T
      67   1       3  8.5949413486E-06 1.8E+01       1 0.0E+00       T  T
      68   1       3  8.5949413486E-06 1.4E+01       1 0.0E+00       T  T
      69   1       3  8.5949413486E-06 1.2E+01       1 0.0E+00       T  T
      70   1       3  8.5949413486E-06 4.1E+00       1 0.0E+00       T  T
 
    Iter Phase   Ninf   Infeasibility   RGmax      NSB   Step  InItr MX OK
      71   1       3  8.5949413486E-06 3.6E+00       1 0.0E+00       T  T
      72   1       3  8.5949413486E-06 1.5E+00       1 0.0E+00       T  T
      73   1       3  5.6952759500E-06 5.2E-04       1 1.1E+01       T  T
      74   1       2  5.0178023807E-06 5.2E-04       1 2.6E+00       T  T
      75   1       1  2.5463278191E-06 4.2E-04       5 1.4E+01       T  T
      76   1       1  2.5430704318E-06 6.1E-02      27 0.0E+00       T  T
      77   1       1  2.5430704318E-06 6.1E-02      26 0.0E+00       T  T
      78   1       1  2.5430829150E-06 6.1E-02      25 0.0E+00       T  T
      79   1       1  2.5430829150E-06 6.1E-02      24 0.0E+00       T  T
      80   1       1  2.5430829150E-06 6.1E-02      23 0.0E+00       T  T
 
    Iter Phase   Ninf   Infeasibility   RGmax      NSB   Step  InItr MX OK
      81   1       1  2.5430829150E-06 6.1E-02      22 0.0E+00       T  T
      82   1       1  2.5430704318E-06 6.1E-02      21 0.0E+00       T  T
      83   1       1  2.5430829150E-06 6.1E-02      20 0.0E+00       T  T
      84   1       1  2.5430704318E-06 6.1E-02      19 0.0E+00       T  T
      85   1       1  2.5430829150E-06 6.1E-02      18 0.0E+00       T  T
      86   1       1  2.5430829150E-06 6.1E-02      17 0.0E+00       T  T
      87   1       1  2.5430704318E-06 6.1E-02      16 0.0E+00       T  T
      88   1       1  2.5430829150E-06 6.1E-02      15 0.0E+00       T  T
      89   1       1  2.5430829150E-06 6.1E-02      14 0.0E+00       T  T
      90   1       1  2.5430829150E-06 6.1E-02      13 0.0E+00       T  T
 
    Iter Phase   Ninf   Infeasibility   RGmax      NSB   Step  InItr MX OK
      91   1       1  2.5430704318E-06 6.1E-02      12 0.0E+00       T  T
      92   1       1  2.5430829150E-06 6.1E-02      11 0.0E+00       T  T
      93   1       1  2.5430704318E-06 6.1E-02      10 0.0E+00       T  T
      94   1       1  2.5430704318E-06 6.1E-02       9 0.0E+00       T  T
      95   1       1  2.5430611364E-06 6.1E-02       8 1.5E-09       T  T
      96   1       1  2.5430645405E-06 4.2E-02       7 9.8E-10       T  T
 
 ** Feasible solution. Value of objective =   -6.56144411602
 
 ** Loss of feasibility while tightening tolerances - Return to phase 0.
 
    Iter Phase   Ninf   Infeasibility   RGmax      NSB   Step  InItr MX OK
     100   0          1.2590659451E-07
     101   1      11  1.2556464925E-07 2.1E-01      31 0.0E+00       T  T
     106   1      11  1.2556464929E-07 1.0E-01      26 0.0E+00       T  T
     111   1      11  1.2556464931E-07 6.8E-02      21 0.0E+00       T  T
     116   1      11  1.2556464931E-07 2.3E-02      16 0.0E+00       T  T
     121   1       9  5.6263769075E-08 2.6E-06      11 1.5E+02       T  T
     124   1       1  3.5929148167E-09 1.1E+00      22 1.0E+00    15 T  T
 
 ** Feasible solution. Value of objective =   -6.56458641110
 
    Iter Phase   Ninf     Objective     RGmax      NSB   Step  InItr MX OK
     125   3         -6.7461746987E+00 7.4E+03     129 6.4E-02     1 T  T
     127   3         -9.1778094751E+00 7.4E+03      10 1.0E+00     1 T  T
     129   4         -9.1774534172E+00 0.0E+00       0
 
 ** Optimal solution. There are no superbasic variables.
 
--- DICOPT: Checking convergence
--- DICOPT: Setting up next MIP
--- DICOPT: Log File:
 Major Major     Objective    CPU time  Itera- Evaluation Solver
 Step  Iter       Function     (Sec)    tions   Errors
  NLP    1      -201.18693      0.38       72      0      conopt
  MIP    1      -201.18693      0.00       93      0      cplex
  NLP    2       -12.74128<     0.06       22      0      conopt
  MIP    2       -81.17948      0.02       94      0      cplex
  NLP    3        -9.17745      0.23      129      0      conopt
  MIP    3       -81.17948      0.02       94      0      cplex
  NLP    4        -9.17745      0.22      129      0      conopt
  MIP    4       -81.17948      0.01       94      0      cplex
  NLP    5        -9.17745      0.22      129      0      conopt
  MIP    5       -81.17948      0.02       94      0      cplex
  NLP    6        -9.17745      0.22      129      0      conopt
  MIP    6       -81.17948      0.02       94      0      cplex
  NLP    7        -9.17745      0.22      129      0      conopt
  MIP    7       -81.17948      0.02       94      0      cplex
  NLP    8        -9.17745      0.22      129      0      conopt
  MIP    8       -81.17948      0.02       94      0      cplex
  NLP    9        -9.17745      0.23      129      0      conopt
  MIP    9       -81.17948      0.02       94      0      cplex
  NLP   10        -9.17745      0.22      129      0      conopt

IBM ILOG CPLEX   52.4.0 d810124c Jan 14, 2026          WEI x86 64bit/MS Window

--- GAMS/CPLEX licensed for continuous and discrete problems.
--- GMO setup time: 0.00s
--- Space for names approximately 0.09 Mb
--- Use option 'names no' to turn use of names off
--- GMO memory 1.60 Mb (peak 1.62 Mb)
--- Dictionary memory 0.00 Mb
--- Cplex 22.1.2.0 link memory 0.08 Mb (peak 0.38 Mb)
--- Starting Cplex

Version identifier: 22.1.2.0 | 2024-11-25 | 0edbb82fd
CPXPARAM_Advance                                 0
CPXPARAM_MIP_Display                             4
CPXPARAM_MIP_Pool_Capacity                       0
CPXPARAM_TimeLimit                               897.65400000002114
CPXPARAM_MIP_Tolerances_AbsMIPGap                0
CPXPARAM_MIP_Tolerances_MIPGap                   0
Generic callback                                 0x50
Tried aggregator 3 times.
MIP Presolve eliminated 2063 rows and 2033 columns.
MIP Presolve modified 721 coefficients.
Aggregator did 9 substitutions.
Reduced MIP has 451 rows, 722 columns, and 2139 nonzeros.
Reduced MIP has 0 binaries, 0 generals, 0 SOSs, and 0 indicators.
Presolve time = 0.00 sec. (4.76 ticks)
Tried aggregator 1 time.
Detecting symmetries...
MIP Presolve eliminated 4 rows and 0 columns.
Reduced MIP has 447 rows, 718 columns, and 2127 nonzeros.
Reduced MIP has 0 binaries, 0 generals, 0 SOSs, and 0 indicators.
Presolve time = 0.00 sec. (1.09 ticks)
MIP emphasis: balance optimality and feasibility.
MIP search method: dynamic search.
Parallel mode: deterministic, using up to 18 threads.
Initializing dual steep norms . . .

Iteration log . . .
Iteration:     1   Dual objective     =          -108.645568
Iteration:    66   Dual objective     =           -89.513040
Root relaxation solution time = 0.00 sec. (1.38 ticks)

        Nodes                                         Cuts/
   Node  Left     Objective  IInf  Best Integer    Best Bound    ItCnt     Gap

*     0     0      integral     0      -81.1795      -81.1795       94    0.00%
Elapsed time = 0.01 sec. (8.05 ticks, tree = 0.00 MB)
Found incumbent of value -81.179475 after 0.01 sec. (8.05 ticks)

Root node processing (before b&c):
  Real time             =    0.01 sec. (8.09 ticks)
Parallel b&c, 18 threads:
  Real time             =    0.00 sec. (0.00 ticks)
  Sync time (average)   =    0.00 sec.
  Wait time (average)   =    0.00 sec.
                          ------------
Total (root+branch&cut) =    0.01 sec. (8.09 ticks)

--- MIP status (101): integer optimal solution.
--- Cplex Time: 0.01sec (det. 8.10 ticks)

--- Returning a primal only solution to GAMS (marginals all set to NA).
--- Fixing integer variables and solving final LP...

Version identifier: 22.1.2.0 | 2024-11-25 | 0edbb82fd
CPXPARAM_Advance                                 2
CPXPARAM_MIP_Display                             4
CPXPARAM_MIP_Pool_Capacity                       0
CPXPARAM_TimeLimit                               897.65400000002114
CPXPARAM_MIP_Tolerances_AbsMIPGap                0
CPXPARAM_MIP_Tolerances_MIPGap                   0
Tried aggregator 1 time.
LP Presolve eliminated 2069 rows and 2039 columns.
Aggregator did 3 substitutions.
Reduced LP has 451 rows, 722 columns, and 2139 nonzeros.
Presolve time = 0.00 sec. (2.51 ticks)
Initializing dual steep norms . . .

Iteration log . . .
Iteration:     1   Dual objective     =          -108.751010
Iteration:    66   Dual objective     =           -89.513040

--- Fixed MIP status (1): optimal.
--- Cplex Time: 0.00sec (det. 5.13 ticks)


Proven optimal solution
MIP Solution:          -81.179475    (94 iterations, 0 nodes)
Final Solve:           -81.179475    (94 iterations)

Best possible:         -81.179475
Absolute gap:           -0.000000
Relative gap:           -0.000000

--- DICOPT: Starting major iteration 11
--- DICOPT: Setting up next NLP

CONOPT 4         52.4.0 d810124c Jan 14, 2026          WEI x86 64bit/MS Window

 
 
    C O N O P T   version 4.39.0
    Copyright (C) GAMS Software GmbH
                  GAMS Development Corporation
 
    Will use up to 4 threads.
 
 
    The user model has 1421 constraints and 575 variables
    with 5941 Jacobian elements, 1365 of which are nonlinear.
    The Hessian of the Lagrangian has 273 elements on the diagonal,
    0 elements below the diagonal, and 273 nonlinear variables.
 
    Iter Phase   Ninf   Infeasibility   RGmax      NSB   Step  InItr MX OK
       0   0          1.4529124983E+07 (Input point)
 
    The pre-triangular part of the model has 602 constraints and 28 variables.
    The post-triangular part of the model has 1 constraints and variables.
 
    Preprocessed model has 818 constraints and 546 variables
    with 2987 Jacobian elements, 544 of which are nonlinear.
 
    Iter Phase   Ninf   Infeasibility   RGmax      NSB   Step  InItr MX OK
                      8.0875669486E+04 (Full preprocessed model)
                      2.5065264799E+00 (After scaling)
                      2.5710443255E-01 (After adjusting individual variables)
       1   0          1.5407534015E-01                 1.0E+00     3 T  T
       2   0          1.5395157505E-01                 1.0E+00     1 T  T
       3   0          1.5394999325E-01                 1.0E+00     1 T  T
       4   1     270  1.4780169175E-01 2.2E+01      25 1.0E+00    25 T  T
       5   1     270  1.3900451240E-01 7.7E+01      33 4.9E-01    35 T  T
       6   1     267  1.2424560268E-01 1.5E+02      24 1.0E+00    25 T  T
       7   1     267  1.1477743384E-01 3.0E+02      24 1.0E+00    25 T  T
 
    Iter Phase   Ninf   Infeasibility   RGmax      NSB   Step  InItr MX OK
       8   1     267  1.0309307290E-01 5.0E+02      34 9.7E-01    35 T  T
       9   1     266  9.3655873029E-02 5.4E+02      25 1.0E+00    25 T  T
      10   1     265  7.7965353340E-02 8.9E+02      30 8.4E-01    35 F  F
      11   1     265  6.6278323444E-02 1.3E+02      25 9.3E-01    25 T  T
      12   1     263  6.0174489845E-02 2.0E+02      22 1.0E+00    25 T  T
      13   1     261  5.0035280004E-02 3.9E+01      30 1.0E+00    35 T  T
      14   1     259  3.1061707308E-02 1.1E+02      36 4.8E-01    45 T  T
      15   1     259  2.6154926609E-02 1.2E+02      22 2.5E-01    25 T  T
      16   1     256  2.3833474618E-02 1.2E+02      17 1.0E+00    25 T  T
      17   1     251  1.7077204269E-02 4.2E+02      24 1.0E+00    32 T  T
 
    Iter Phase   Ninf   Infeasibility   RGmax      NSB   Step  InItr MX OK
      18   1     247  1.1380757390E-02 1.7E+01      38 6.2E-01    49 T  T
      19   1     245  1.0460855976E-02 1.1E+01     223 1.0E+00    25 T  T
      20   1     242  1.0150892039E-02 2.0E+01      31 1.2E-01    35 T  T
      21   1     238  9.4178165664E-03 1.1E+01      30 1.0E+00    25 T  T
      22   1     238  9.2357628480E-03 1.7E+01     220 8.8E-02    35 T  T
      23   1     234  9.1471627532E-03 7.2E+00     219 1.0E+00     9 T  T
      24   1     230  8.3838074440E-03 1.6E+02      16 1.0E+00    14 T  T
      25   1     227  6.0908679937E-03 1.5E+02      23 1.0E+00    19 T  T
      26   1     224  4.8480546487E-03 1.5E+02      15 1.0E+00    19 T  T
      27   1     216  3.9141581605E-03 7.4E+00      17 5.9E-01    19 F  F
 
    Iter Phase   Ninf   Infeasibility   RGmax      NSB   Step  InItr MX OK
      28   1     210  3.3088787316E-03 1.5E+01      21 1.0E+00    24 T  T
      29   1     210  3.2877774267E-03 5.4E+00      24 2.4E-02    35 T  T
      30   1     207  3.1454065346E-03 6.8E+01      12 1.0E+00    10 T  T
      31   1     197  3.0738777414E-03 1.3E+01      13 1.0E+00    11 T  T
      32   1     181  2.2756866374E-03 2.1E+01      22 1.0E+00    18 T  T
      33   1     181  2.2748648751E-03 2.1E+02      13 2.1E-02    13 T  T
      34   1     181  2.2748586968E-03 5.6E+01      21 0.0E+00     7 F  F
      35   0          2.2748772067E-03                 2.2E-03
      37   1     181  2.0889299954E-03 7.7E+00     266 1.0E+00     6 T  T
      38   1     180  2.0385391875E-03 3.9E+02       5 1.0E+00     4 T  T
      39   1     178  1.8354782412E-03 3.7E+00      14 1.0E+00    17 T  T
 
    Iter Phase   Ninf   Infeasibility   RGmax      NSB   Step  InItr MX OK
      40   1     162  1.3840412096E-03 7.1E+00      24 1.0E+00    20 T  T
      41   1     154  1.1777791701E-03 3.3E+02      18 1.0E+00    36 T  T
      42   1     136  9.0208417368E-04 8.3E+00      18 1.0E+00    49 T  T
      43   1     128  4.8879509982E-04 1.8E+02      47 1.0E+00    58 T  T
      44   1      91  4.8156326390E-04 6.8E+01      56 1.9E-02    66 T  T
      45   1      74  3.5352734611E-04 2.0E+00      25 1.0E+00    10 T  T
      46   1      60  1.3555004956E-04 1.9E+00      33 1.0E+00    14 T  T
      47   1      51  1.1798467004E-04 1.6E+00      22 3.5E-01    19 F  T
      48   1      40  8.3174115010E-05 5.1E+01      28 5.5E-01    17 F  F
      49   1      28  6.4944062401E-05 7.7E+00      18 1.0E+00    22 T  T
 
    Iter Phase   Ninf   Infeasibility   RGmax      NSB   Step  InItr MX OK
      50   1      28  6.4941842159E-05 1.6E+00       6 1.0E+00    29 T  T
      51   1      24  6.1236819861E-05 9.1E+01      47 1.0E+00    12 T  T
      52   1      24  6.1201153599E-05 1.1E+01      28 1.5E-02     8 T  T
      53   1      22  5.6335691750E-05 5.7E+00      10 1.0E+00    10 T  T
      54   1      21  5.4946128859E-05 7.5E+00      15 1.0E+00    12 T  T
      55   1      21  5.4945963592E-05 1.3E-01      27 1.0E+00    19 T  T
      56   1      18  4.7048550784E-05 2.9E+00      12 1.0E+00     3 T  T
      57   1      18  4.6957506559E-05 1.1E+01      18 3.6E-02    11 T  T
      59   1      18  4.7055816323E-05 4.6E+01       4 1.5E-18     6 F  F
      60   1      18  4.7057495694E-05 5.5E+00      41 1.0E+00     4 T  T
 
    Iter Phase   Ninf   Infeasibility   RGmax      NSB   Step  InItr MX OK
      61   1      12  3.2390151690E-05 1.0E+00      39 1.0E+00     7 T  T
      62   1       8  2.2207081146E-05 9.0E+00       5 1.0E+00     6 T  T
      63   1       6  1.8755872754E-05 2.6E+02      63 1.0E+00    22 T  T
      64   1       3  8.5860442246E-06 2.9E+01      38 1.0E+00     5 T  T
      65   1       3  8.5861492259E-06 1.0E+00       2 0.0E+00       T  T
      66   1       3  8.5949019009E-06 1.0E+00       1 0.0E+00       T  T
      67   1       3  8.5949413486E-06 1.8E+01       1 0.0E+00       T  T
      68   1       3  8.5949413486E-06 1.4E+01       1 0.0E+00       T  T
      69   1       3  8.5949413486E-06 1.2E+01       1 0.0E+00       T  T
      70   1       3  8.5949413486E-06 4.1E+00       1 0.0E+00       T  T
 
    Iter Phase   Ninf   Infeasibility   RGmax      NSB   Step  InItr MX OK
      71   1       3  8.5949413486E-06 3.6E+00       1 0.0E+00       T  T
      72   1       3  8.5949413486E-06 1.5E+00       1 0.0E+00       T  T
      73   1       3  5.6952759500E-06 5.2E-04       1 1.1E+01       T  T
      74   1       2  5.0178023807E-06 5.2E-04       1 2.6E+00       T  T
      75   1       1  2.5463278191E-06 4.2E-04       5 1.4E+01       T  T
      76   1       1  2.5430704318E-06 6.1E-02      27 0.0E+00       T  T
      77   1       1  2.5430704318E-06 6.1E-02      26 0.0E+00       T  T
      78   1       1  2.5430829150E-06 6.1E-02      25 0.0E+00       T  T
      79   1       1  2.5430829150E-06 6.1E-02      24 0.0E+00       T  T
      80   1       1  2.5430829150E-06 6.1E-02      23 0.0E+00       T  T
 
    Iter Phase   Ninf   Infeasibility   RGmax      NSB   Step  InItr MX OK
      81   1       1  2.5430829150E-06 6.1E-02      22 0.0E+00       T  T
      82   1       1  2.5430704318E-06 6.1E-02      21 0.0E+00       T  T
      83   1       1  2.5430829150E-06 6.1E-02      20 0.0E+00       T  T
      84   1       1  2.5430704318E-06 6.1E-02      19 0.0E+00       T  T
      85   1       1  2.5430829150E-06 6.1E-02      18 0.0E+00       T  T
      86   1       1  2.5430829150E-06 6.1E-02      17 0.0E+00       T  T
      87   1       1  2.5430704318E-06 6.1E-02      16 0.0E+00       T  T
      88   1       1  2.5430829150E-06 6.1E-02      15 0.0E+00       T  T
      89   1       1  2.5430829150E-06 6.1E-02      14 0.0E+00       T  T
      90   1       1  2.5430829150E-06 6.1E-02      13 0.0E+00       T  T
 
    Iter Phase   Ninf   Infeasibility   RGmax      NSB   Step  InItr MX OK
      91   1       1  2.5430704318E-06 6.1E-02      12 0.0E+00       T  T
      92   1       1  2.5430829150E-06 6.1E-02      11 0.0E+00       T  T
      93   1       1  2.5430704318E-06 6.1E-02      10 0.0E+00       T  T
      94   1       1  2.5430704318E-06 6.1E-02       9 0.0E+00       T  T
      95   1       1  2.5430611364E-06 6.1E-02       8 1.5E-09       T  T
      96   1       1  2.5430645405E-06 4.2E-02       7 9.8E-10       T  T
 
 ** Feasible solution. Value of objective =   -6.56144411602
 
 ** Loss of feasibility while tightening tolerances - Return to phase 0.
 
    Iter Phase   Ninf   Infeasibility   RGmax      NSB   Step  InItr MX OK
     100   0          1.2590659451E-07
     101   1      11  1.2556464925E-07 2.1E-01      31 0.0E+00       T  T
     106   1      11  1.2556464929E-07 1.0E-01      26 0.0E+00       T  T
     111   1      11  1.2556464931E-07 6.8E-02      21 0.0E+00       T  T
     116   1      11  1.2556464931E-07 2.3E-02      16 0.0E+00       T  T
     121   1       9  5.6263769075E-08 2.6E-06      11 1.5E+02       T  T
     124   1       1  3.5929148167E-09 1.1E+00      22 1.0E+00    15 T  T
 
 ** Feasible solution. Value of objective =   -6.56458641110
 
    Iter Phase   Ninf     Objective     RGmax      NSB   Step  InItr MX OK
     125   3         -6.7461746987E+00 7.4E+03     129 6.4E-02     1 T  T
     127   3         -9.1778094751E+00 7.4E+03      10 1.0E+00     1 T  T
     129   4         -9.1774534172E+00 0.0E+00       0
 
 ** Optimal solution. There are no superbasic variables.
 
--- DICOPT: Checking convergence
--- DICOPT: Setting up next MIP
--- DICOPT: Log File:
 Major Major     Objective    CPU time  Itera- Evaluation Solver
 Step  Iter       Function     (Sec)    tions   Errors
  NLP    1      -201.18693      0.38       72      0      conopt
  MIP    1      -201.18693      0.00       93      0      cplex
  NLP    2       -12.74128<     0.06       22      0      conopt
  MIP    2       -81.17948      0.02       94      0      cplex
  NLP    3        -9.17745      0.23      129      0      conopt
  MIP    3       -81.17948      0.02       94      0      cplex
  NLP    4        -9.17745      0.22      129      0      conopt
  MIP    4       -81.17948      0.01       94      0      cplex
  NLP    5        -9.17745      0.22      129      0      conopt
  MIP    5       -81.17948      0.02       94      0      cplex
  NLP    6        -9.17745      0.22      129      0      conopt
  MIP    6       -81.17948      0.02       94      0      cplex
  NLP    7        -9.17745      0.22      129      0      conopt
  MIP    7       -81.17948      0.02       94      0      cplex
  NLP    8        -9.17745      0.22      129      0      conopt
  MIP    8       -81.17948      0.02       94      0      cplex
  NLP    9        -9.17745      0.23      129      0      conopt
  MIP    9       -81.17948      0.02       94      0      cplex
  NLP   10        -9.17745      0.22      129      0      conopt
  MIP   10       -81.17948      0.01       94      0      cplex
  NLP   11        -9.17745      0.24      129      0      conopt

IBM ILOG CPLEX   52.4.0 d810124c Jan 14, 2026          WEI x86 64bit/MS Window

--- GAMS/CPLEX licensed for continuous and discrete problems.
--- GMO setup time: 0.00s
--- Space for names approximately 0.09 Mb
--- Use option 'names no' to turn use of names off
--- GMO memory 1.60 Mb (peak 1.62 Mb)
--- Dictionary memory 0.00 Mb
--- Cplex 22.1.2.0 link memory 0.08 Mb (peak 0.38 Mb)
--- Starting Cplex

Version identifier: 22.1.2.0 | 2024-11-25 | 0edbb82fd
CPXPARAM_Advance                                 0
CPXPARAM_MIP_Display                             4
CPXPARAM_MIP_Pool_Capacity                       0
CPXPARAM_TimeLimit                               897.40400000006537
CPXPARAM_MIP_Tolerances_AbsMIPGap                0
CPXPARAM_MIP_Tolerances_MIPGap                   0
Generic callback                                 0x50
Tried aggregator 3 times.
MIP Presolve eliminated 2064 rows and 2033 columns.
MIP Presolve modified 721 coefficients.
Aggregator did 9 substitutions.
Reduced MIP has 451 rows, 722 columns, and 2139 nonzeros.
Reduced MIP has 0 binaries, 0 generals, 0 SOSs, and 0 indicators.
Presolve time = 0.00 sec. (4.78 ticks)
Tried aggregator 1 time.
Detecting symmetries...
MIP Presolve eliminated 4 rows and 0 columns.
Reduced MIP has 447 rows, 718 columns, and 2127 nonzeros.
Reduced MIP has 0 binaries, 0 generals, 0 SOSs, and 0 indicators.
Presolve time = 0.00 sec. (1.09 ticks)
MIP emphasis: balance optimality and feasibility.
MIP search method: dynamic search.
Parallel mode: deterministic, using up to 18 threads.
Initializing dual steep norms . . .

Iteration log . . .
Iteration:     1   Dual objective     =          -108.645568
Iteration:    66   Dual objective     =           -89.513040
Root relaxation solution time = 0.00 sec. (1.38 ticks)

        Nodes                                         Cuts/
   Node  Left     Objective  IInf  Best Integer    Best Bound    ItCnt     Gap

*     0     0      integral     0      -81.1795      -81.1795       94    0.00%
Elapsed time = 0.00 sec. (8.06 ticks, tree = 0.00 MB)
Found incumbent of value -81.179475 after 0.00 sec. (8.06 ticks)

Root node processing (before b&c):
  Real time             =    0.00 sec. (8.11 ticks)
Parallel b&c, 18 threads:
  Real time             =    0.00 sec. (0.00 ticks)
  Sync time (average)   =    0.00 sec.
  Wait time (average)   =    0.00 sec.
                          ------------
Total (root+branch&cut) =    0.00 sec. (8.11 ticks)

--- MIP status (101): integer optimal solution.
--- Cplex Time: 0.00sec (det. 8.12 ticks)

--- Returning a primal only solution to GAMS (marginals all set to NA).
--- Fixing integer variables and solving final LP...

Version identifier: 22.1.2.0 | 2024-11-25 | 0edbb82fd
CPXPARAM_Advance                                 2
CPXPARAM_MIP_Display                             4
CPXPARAM_MIP_Pool_Capacity                       0
CPXPARAM_TimeLimit                               897.40400000006537
CPXPARAM_MIP_Tolerances_AbsMIPGap                0
CPXPARAM_MIP_Tolerances_MIPGap                   0
Tried aggregator 1 time.
LP Presolve eliminated 2070 rows and 2039 columns.
Aggregator did 3 substitutions.
Reduced LP has 451 rows, 722 columns, and 2139 nonzeros.
Presolve time = 0.00 sec. (2.51 ticks)
Initializing dual steep norms . . .

Iteration log . . .
Iteration:     1   Dual objective     =          -108.751010
Iteration:    66   Dual objective     =           -89.513040

--- Fixed MIP status (1): optimal.
--- Cplex Time: 0.00sec (det. 5.13 ticks)


Proven optimal solution
MIP Solution:          -81.179475    (94 iterations, 0 nodes)
Final Solve:           -81.179475    (94 iterations)

Best possible:         -81.179475
Absolute gap:           -0.000000
Relative gap:           -0.000000

--- DICOPT: Starting major iteration 12
--- DICOPT: Setting up next NLP

CONOPT 4         52.4.0 d810124c Jan 14, 2026          WEI x86 64bit/MS Window

 
 
    C O N O P T   version 4.39.0
    Copyright (C) GAMS Software GmbH
                  GAMS Development Corporation
 
    Will use up to 4 threads.
 
 
    The user model has 1421 constraints and 575 variables
    with 5941 Jacobian elements, 1365 of which are nonlinear.
    The Hessian of the Lagrangian has 273 elements on the diagonal,
    0 elements below the diagonal, and 273 nonlinear variables.
 
    Iter Phase   Ninf   Infeasibility   RGmax      NSB   Step  InItr MX OK
       0   0          1.4529124983E+07 (Input point)
 
    The pre-triangular part of the model has 602 constraints and 28 variables.
    The post-triangular part of the model has 1 constraints and variables.
 
    Preprocessed model has 818 constraints and 546 variables
    with 2987 Jacobian elements, 544 of which are nonlinear.
 
    Iter Phase   Ninf   Infeasibility   RGmax      NSB   Step  InItr MX OK
                      8.0875669486E+04 (Full preprocessed model)
                      2.5065264799E+00 (After scaling)
                      2.5710443255E-01 (After adjusting individual variables)
       1   0          1.5407534015E-01                 1.0E+00     3 T  T
       2   0          1.5395157505E-01                 1.0E+00     1 T  T
       3   0          1.5394999325E-01                 1.0E+00     1 T  T
       4   1     270  1.4780169175E-01 2.2E+01      25 1.0E+00    25 T  T
       5   1     270  1.3900451240E-01 7.7E+01      33 4.9E-01    35 T  T
       6   1     267  1.2424560268E-01 1.5E+02      24 1.0E+00    25 T  T
       7   1     267  1.1477743384E-01 3.0E+02      24 1.0E+00    25 T  T
 
    Iter Phase   Ninf   Infeasibility   RGmax      NSB   Step  InItr MX OK
       8   1     267  1.0309307290E-01 5.0E+02      34 9.7E-01    35 T  T
       9   1     266  9.3655873029E-02 5.4E+02      25 1.0E+00    25 T  T
      10   1     265  7.7965353340E-02 8.9E+02      30 8.4E-01    35 F  F
      11   1     265  6.6278323444E-02 1.3E+02      25 9.3E-01    25 T  T
      12   1     263  6.0174489845E-02 2.0E+02      22 1.0E+00    25 T  T
      13   1     261  5.0035280004E-02 3.9E+01      30 1.0E+00    35 T  T
      14   1     259  3.1061707308E-02 1.1E+02      36 4.8E-01    45 T  T
      15   1     259  2.6154926609E-02 1.2E+02      22 2.5E-01    25 T  T
      16   1     256  2.3833474618E-02 1.2E+02      17 1.0E+00    25 T  T
      17   1     251  1.7077204269E-02 4.2E+02      24 1.0E+00    32 T  T
 
    Iter Phase   Ninf   Infeasibility   RGmax      NSB   Step  InItr MX OK
      18   1     247  1.1380757390E-02 1.7E+01      38 6.2E-01    49 T  T
      19   1     245  1.0460855976E-02 1.1E+01     223 1.0E+00    25 T  T
      20   1     242  1.0150892039E-02 2.0E+01      31 1.2E-01    35 T  T
      21   1     238  9.4178165664E-03 1.1E+01      30 1.0E+00    25 T  T
      22   1     238  9.2357628480E-03 1.7E+01     220 8.8E-02    35 T  T
      23   1     234  9.1471627532E-03 7.2E+00     219 1.0E+00     9 T  T
      24   1     230  8.3838074440E-03 1.6E+02      16 1.0E+00    14 T  T
      25   1     227  6.0908679937E-03 1.5E+02      23 1.0E+00    19 T  T
      26   1     224  4.8480546487E-03 1.5E+02      15 1.0E+00    19 T  T
      27   1     216  3.9141581605E-03 7.4E+00      17 5.9E-01    19 F  F
 
    Iter Phase   Ninf   Infeasibility   RGmax      NSB   Step  InItr MX OK
      28   1     210  3.3088787316E-03 1.5E+01      21 1.0E+00    24 T  T
      29   1     210  3.2877774267E-03 5.4E+00      24 2.4E-02    35 T  T
      30   1     207  3.1454065346E-03 6.8E+01      12 1.0E+00    10 T  T
      31   1     197  3.0738777414E-03 1.3E+01      13 1.0E+00    11 T  T
      32   1     181  2.2756866374E-03 2.1E+01      22 1.0E+00    18 T  T
      33   1     181  2.2748648751E-03 2.1E+02      13 2.1E-02    13 T  T
      34   1     181  2.2748586968E-03 5.6E+01      21 0.0E+00     7 F  F
      35   0          2.2748772067E-03                 2.2E-03
      37   1     181  2.0889299954E-03 7.7E+00     266 1.0E+00     6 T  T
      38   1     180  2.0385391875E-03 3.9E+02       5 1.0E+00     4 T  T
      39   1     178  1.8354782412E-03 3.7E+00      14 1.0E+00    17 T  T
 
    Iter Phase   Ninf   Infeasibility   RGmax      NSB   Step  InItr MX OK
      40   1     162  1.3840412096E-03 7.1E+00      24 1.0E+00    20 T  T
      41   1     154  1.1777791701E-03 3.3E+02      18 1.0E+00    36 T  T
      42   1     136  9.0208417368E-04 8.3E+00      18 1.0E+00    49 T  T
      43   1     128  4.8879509982E-04 1.8E+02      47 1.0E+00    58 T  T
      44   1      91  4.8156326390E-04 6.8E+01      56 1.9E-02    66 T  T
      45   1      74  3.5352734611E-04 2.0E+00      25 1.0E+00    10 T  T
      46   1      60  1.3555004956E-04 1.9E+00      33 1.0E+00    14 T  T
      47   1      51  1.1798467004E-04 1.6E+00      22 3.5E-01    19 F  T
      48   1      40  8.3174115010E-05 5.1E+01      28 5.5E-01    17 F  F
      49   1      28  6.4944062401E-05 7.7E+00      18 1.0E+00    22 T  T
 
    Iter Phase   Ninf   Infeasibility   RGmax      NSB   Step  InItr MX OK
      50   1      28  6.4941842159E-05 1.6E+00       6 1.0E+00    29 T  T
      51   1      24  6.1236819861E-05 9.1E+01      47 1.0E+00    12 T  T
      52   1      24  6.1201153599E-05 1.1E+01      28 1.5E-02     8 T  T
      53   1      22  5.6335691750E-05 5.7E+00      10 1.0E+00    10 T  T
      54   1      21  5.4946128859E-05 7.5E+00      15 1.0E+00    12 T  T
      55   1      21  5.4945963592E-05 1.3E-01      27 1.0E+00    19 T  T
      56   1      18  4.7048550784E-05 2.9E+00      12 1.0E+00     3 T  T
      57   1      18  4.6957506559E-05 1.1E+01      18 3.6E-02    11 T  T
      59   1      18  4.7055816323E-05 4.6E+01       4 1.5E-18     6 F  F
      60   1      18  4.7057495694E-05 5.5E+00      41 1.0E+00     4 T  T
 
    Iter Phase   Ninf   Infeasibility   RGmax      NSB   Step  InItr MX OK
      61   1      12  3.2390151690E-05 1.0E+00      39 1.0E+00     7 T  T
      62   1       8  2.2207081146E-05 9.0E+00       5 1.0E+00     6 T  T
      63   1       6  1.8755872754E-05 2.6E+02      63 1.0E+00    22 T  T
      64   1       3  8.5860442246E-06 2.9E+01      38 1.0E+00     5 T  T
      65   1       3  8.5861492259E-06 1.0E+00       2 0.0E+00       T  T
      66   1       3  8.5949019009E-06 1.0E+00       1 0.0E+00       T  T
      67   1       3  8.5949413486E-06 1.8E+01       1 0.0E+00       T  T
      68   1       3  8.5949413486E-06 1.4E+01       1 0.0E+00       T  T
      69   1       3  8.5949413486E-06 1.2E+01       1 0.0E+00       T  T
      70   1       3  8.5949413486E-06 4.1E+00       1 0.0E+00       T  T
 
    Iter Phase   Ninf   Infeasibility   RGmax      NSB   Step  InItr MX OK
      71   1       3  8.5949413486E-06 3.6E+00       1 0.0E+00       T  T
      72   1       3  8.5949413486E-06 1.5E+00       1 0.0E+00       T  T
      73   1       3  5.6952759500E-06 5.2E-04       1 1.1E+01       T  T
      74   1       2  5.0178023807E-06 5.2E-04       1 2.6E+00       T  T
      75   1       1  2.5463278191E-06 4.2E-04       5 1.4E+01       T  T
      76   1       1  2.5430704318E-06 6.1E-02      27 0.0E+00       T  T
      77   1       1  2.5430704318E-06 6.1E-02      26 0.0E+00       T  T
      78   1       1  2.5430829150E-06 6.1E-02      25 0.0E+00       T  T
      79   1       1  2.5430829150E-06 6.1E-02      24 0.0E+00       T  T
      80   1       1  2.5430829150E-06 6.1E-02      23 0.0E+00       T  T
 
    Iter Phase   Ninf   Infeasibility   RGmax      NSB   Step  InItr MX OK
      81   1       1  2.5430829150E-06 6.1E-02      22 0.0E+00       T  T
      82   1       1  2.5430704318E-06 6.1E-02      21 0.0E+00       T  T
      83   1       1  2.5430829150E-06 6.1E-02      20 0.0E+00       T  T
      84   1       1  2.5430704318E-06 6.1E-02      19 0.0E+00       T  T
      85   1       1  2.5430829150E-06 6.1E-02      18 0.0E+00       T  T
      86   1       1  2.5430829150E-06 6.1E-02      17 0.0E+00       T  T
      87   1       1  2.5430704318E-06 6.1E-02      16 0.0E+00       T  T
      88   1       1  2.5430829150E-06 6.1E-02      15 0.0E+00       T  T
      89   1       1  2.5430829150E-06 6.1E-02      14 0.0E+00       T  T
      90   1       1  2.5430829150E-06 6.1E-02      13 0.0E+00       T  T
 
    Iter Phase   Ninf   Infeasibility   RGmax      NSB   Step  InItr MX OK
      91   1       1  2.5430704318E-06 6.1E-02      12 0.0E+00       T  T
      92   1       1  2.5430829150E-06 6.1E-02      11 0.0E+00       T  T
      93   1       1  2.5430704318E-06 6.1E-02      10 0.0E+00       T  T
      94   1       1  2.5430704318E-06 6.1E-02       9 0.0E+00       T  T
      95   1       1  2.5430611364E-06 6.1E-02       8 1.5E-09       T  T
      96   1       1  2.5430645405E-06 4.2E-02       7 9.8E-10       T  T
 
 ** Feasible solution. Value of objective =   -6.56144411602
 
 ** Loss of feasibility while tightening tolerances - Return to phase 0.
 
    Iter Phase   Ninf   Infeasibility   RGmax      NSB   Step  InItr MX OK
     100   0          1.2590659451E-07
     101   1      11  1.2556464925E-07 2.1E-01      31 0.0E+00       T  T
     106   1      11  1.2556464929E-07 1.0E-01      26 0.0E+00       T  T
     111   1      11  1.2556464931E-07 6.8E-02      21 0.0E+00       T  T
     116   1      11  1.2556464931E-07 2.3E-02      16 0.0E+00       T  T
     121   1       9  5.6263769075E-08 2.6E-06      11 1.5E+02       T  T
     124   1       1  3.5929148167E-09 1.1E+00      22 1.0E+00    15 T  T
 
 ** Feasible solution. Value of objective =   -6.56458641110
 
    Iter Phase   Ninf     Objective     RGmax      NSB   Step  InItr MX OK
     125   3         -6.7461746987E+00 7.4E+03     129 6.4E-02     1 T  T
     127   3         -9.1778094751E+00 7.4E+03      10 1.0E+00     1 T  T
     129   4         -9.1774534172E+00 0.0E+00       0
 
 ** Optimal solution. There are no superbasic variables.
 
--- DICOPT: Checking convergence
--- DICOPT: Setting up next MIP
--- DICOPT: Log File:
 Major Major     Objective    CPU time  Itera- Evaluation Solver
 Step  Iter       Function     (Sec)    tions   Errors
  NLP    1      -201.18693      0.38       72      0      conopt
  MIP    1      -201.18693      0.00       93      0      cplex
  NLP    2       -12.74128<     0.06       22      0      conopt
  MIP    2       -81.17948      0.02       94      0      cplex
  NLP    3        -9.17745      0.23      129      0      conopt
  MIP    3       -81.17948      0.02       94      0      cplex
  NLP    4        -9.17745      0.22      129      0      conopt
  MIP    4       -81.17948      0.01       94      0      cplex
  NLP    5        -9.17745      0.22      129      0      conopt
  MIP    5       -81.17948      0.02       94      0      cplex
  NLP    6        -9.17745      0.22      129      0      conopt
  MIP    6       -81.17948      0.02       94      0      cplex
  NLP    7        -9.17745      0.22      129      0      conopt
  MIP    7       -81.17948      0.02       94      0      cplex
  NLP    8        -9.17745      0.22      129      0      conopt
  MIP    8       -81.17948      0.02       94      0      cplex
  NLP    9        -9.17745      0.23      129      0      conopt
  MIP    9       -81.17948      0.02       94      0      cplex
  NLP   10        -9.17745      0.22      129      0      conopt
  MIP   10       -81.17948      0.01       94      0      cplex
  NLP   11        -9.17745      0.24      129      0      conopt
  MIP   11       -81.17948      0.00       94      0      cplex
  NLP   12        -9.17745      0.23      129      0      conopt

IBM ILOG CPLEX   52.4.0 d810124c Jan 14, 2026          WEI x86 64bit/MS Window

--- GAMS/CPLEX licensed for continuous and discrete problems.
--- GMO setup time: 0.00s
--- Space for names approximately 0.09 Mb
--- Use option 'names no' to turn use of names off
--- GMO memory 1.60 Mb (peak 1.62 Mb)
--- Dictionary memory 0.00 Mb
--- Cplex 22.1.2.0 link memory 0.08 Mb (peak 0.38 Mb)
--- Starting Cplex

Version identifier: 22.1.2.0 | 2024-11-25 | 0edbb82fd
CPXPARAM_Advance                                 0
CPXPARAM_MIP_Display                             4
CPXPARAM_MIP_Pool_Capacity                       0
CPXPARAM_TimeLimit                               897.17000000006533
CPXPARAM_MIP_Tolerances_AbsMIPGap                0
CPXPARAM_MIP_Tolerances_MIPGap                   0
Generic callback                                 0x50
Tried aggregator 3 times.
MIP Presolve eliminated 2065 rows and 2033 columns.
MIP Presolve modified 721 coefficients.
Aggregator did 9 substitutions.
Reduced MIP has 451 rows, 722 columns, and 2139 nonzeros.
Reduced MIP has 0 binaries, 0 generals, 0 SOSs, and 0 indicators.
Presolve time = 0.00 sec. (4.79 ticks)
Tried aggregator 1 time.
Detecting symmetries...
MIP Presolve eliminated 4 rows and 0 columns.
Reduced MIP has 447 rows, 718 columns, and 2127 nonzeros.
Reduced MIP has 0 binaries, 0 generals, 0 SOSs, and 0 indicators.
Presolve time = 0.00 sec. (1.09 ticks)
MIP emphasis: balance optimality and feasibility.
MIP search method: dynamic search.
Parallel mode: deterministic, using up to 18 threads.
Initializing dual steep norms . . .

Iteration log . . .
Iteration:     1   Dual objective     =          -108.645568
Iteration:    66   Dual objective     =           -89.513040
Root relaxation solution time = 0.00 sec. (1.38 ticks)

        Nodes                                         Cuts/
   Node  Left     Objective  IInf  Best Integer    Best Bound    ItCnt     Gap

*     0     0      integral     0      -81.1795      -81.1795       94    0.00%
Elapsed time = 0.00 sec. (8.07 ticks, tree = 0.00 MB)
Found incumbent of value -81.179475 after 0.00 sec. (8.07 ticks)

Root node processing (before b&c):
  Real time             =    0.00 sec. (8.12 ticks)
Parallel b&c, 18 threads:
  Real time             =    0.00 sec. (0.00 ticks)
  Sync time (average)   =    0.00 sec.
  Wait time (average)   =    0.00 sec.
                          ------------
Total (root+branch&cut) =    0.00 sec. (8.12 ticks)

--- MIP status (101): integer optimal solution.
--- Cplex Time: 0.00sec (det. 8.13 ticks)

--- Returning a primal only solution to GAMS (marginals all set to NA).
--- Fixing integer variables and solving final LP...

Version identifier: 22.1.2.0 | 2024-11-25 | 0edbb82fd
CPXPARAM_Advance                                 2
CPXPARAM_MIP_Display                             4
CPXPARAM_MIP_Pool_Capacity                       0
CPXPARAM_TimeLimit                               897.17000000006533
CPXPARAM_MIP_Tolerances_AbsMIPGap                0
CPXPARAM_MIP_Tolerances_MIPGap                   0
Tried aggregator 1 time.
LP Presolve eliminated 2071 rows and 2039 columns.
Aggregator did 3 substitutions.
Reduced LP has 451 rows, 722 columns, and 2139 nonzeros.
Presolve time = 0.00 sec. (2.51 ticks)
Initializing dual steep norms . . .

Iteration log . . .
Iteration:     1   Dual objective     =          -108.751010
Iteration:    66   Dual objective     =           -89.513040

--- Fixed MIP status (1): optimal.
--- Cplex Time: 0.00sec (det. 5.14 ticks)


Proven optimal solution
MIP Solution:          -81.179475    (94 iterations, 0 nodes)
Final Solve:           -81.179475    (94 iterations)

Best possible:         -81.179475
Absolute gap:           -0.000000
Relative gap:           -0.000000

--- DICOPT: Starting major iteration 13
--- DICOPT: Setting up next NLP

CONOPT 4         52.4.0 d810124c Jan 14, 2026          WEI x86 64bit/MS Window

 
 
    C O N O P T   version 4.39.0
    Copyright (C) GAMS Software GmbH
                  GAMS Development Corporation
 
    Will use up to 4 threads.
 
 
    The user model has 1421 constraints and 575 variables
    with 5941 Jacobian elements, 1365 of which are nonlinear.
    The Hessian of the Lagrangian has 273 elements on the diagonal,
    0 elements below the diagonal, and 273 nonlinear variables.
 
    Iter Phase   Ninf   Infeasibility   RGmax      NSB   Step  InItr MX OK
       0   0          1.4529124983E+07 (Input point)
 
    The pre-triangular part of the model has 602 constraints and 28 variables.
    The post-triangular part of the model has 1 constraints and variables.
 
    Preprocessed model has 818 constraints and 546 variables
    with 2987 Jacobian elements, 544 of which are nonlinear.
 
    Iter Phase   Ninf   Infeasibility   RGmax      NSB   Step  InItr MX OK
                      8.0875669486E+04 (Full preprocessed model)
                      2.5065264799E+00 (After scaling)
                      2.5710443255E-01 (After adjusting individual variables)
       1   0          1.5407534015E-01                 1.0E+00     3 T  T
       2   0          1.5395157505E-01                 1.0E+00     1 T  T
       3   0          1.5394999325E-01                 1.0E+00     1 T  T
       4   1     270  1.4780169175E-01 2.2E+01      25 1.0E+00    25 T  T
       5   1     270  1.3900451240E-01 7.7E+01      33 4.9E-01    35 T  T
       6   1     267  1.2424560268E-01 1.5E+02      24 1.0E+00    25 T  T
       7   1     267  1.1477743384E-01 3.0E+02      24 1.0E+00    25 T  T
 
    Iter Phase   Ninf   Infeasibility   RGmax      NSB   Step  InItr MX OK
       8   1     267  1.0309307290E-01 5.0E+02      34 9.7E-01    35 T  T
       9   1     266  9.3655873029E-02 5.4E+02      25 1.0E+00    25 T  T
      10   1     265  7.7965353340E-02 8.9E+02      30 8.4E-01    35 F  F
      11   1     265  6.6278323444E-02 1.3E+02      25 9.3E-01    25 T  T
      12   1     263  6.0174489845E-02 2.0E+02      22 1.0E+00    25 T  T
      13   1     261  5.0035280004E-02 3.9E+01      30 1.0E+00    35 T  T
      14   1     259  3.1061707308E-02 1.1E+02      36 4.8E-01    45 T  T
      15   1     259  2.6154926609E-02 1.2E+02      22 2.5E-01    25 T  T
      16   1     256  2.3833474618E-02 1.2E+02      17 1.0E+00    25 T  T
      17   1     251  1.7077204269E-02 4.2E+02      24 1.0E+00    32 T  T
 
    Iter Phase   Ninf   Infeasibility   RGmax      NSB   Step  InItr MX OK
      18   1     247  1.1380757390E-02 1.7E+01      38 6.2E-01    49 T  T
      19   1     245  1.0460855976E-02 1.1E+01     223 1.0E+00    25 T  T
      20   1     242  1.0150892039E-02 2.0E+01      31 1.2E-01    35 T  T
      21   1     238  9.4178165664E-03 1.1E+01      30 1.0E+00    25 T  T
      22   1     238  9.2357628480E-03 1.7E+01     220 8.8E-02    35 T  T
      23   1     234  9.1471627532E-03 7.2E+00     219 1.0E+00     9 T  T
      24   1     230  8.3838074440E-03 1.6E+02      16 1.0E+00    14 T  T
      25   1     227  6.0908679937E-03 1.5E+02      23 1.0E+00    19 T  T
      26   1     224  4.8480546487E-03 1.5E+02      15 1.0E+00    19 T  T
      27   1     216  3.9141581605E-03 7.4E+00      17 5.9E-01    19 F  F
 
    Iter Phase   Ninf   Infeasibility   RGmax      NSB   Step  InItr MX OK
      28   1     210  3.3088787316E-03 1.5E+01      21 1.0E+00    24 T  T
      29   1     210  3.2877774267E-03 5.4E+00      24 2.4E-02    35 T  T
      30   1     207  3.1454065346E-03 6.8E+01      12 1.0E+00    10 T  T
      31   1     197  3.0738777414E-03 1.3E+01      13 1.0E+00    11 T  T
      32   1     181  2.2756866374E-03 2.1E+01      22 1.0E+00    18 T  T
      33   1     181  2.2748648751E-03 2.1E+02      13 2.1E-02    13 T  T
      34   1     181  2.2748586968E-03 5.6E+01      21 0.0E+00     7 F  F
      35   0          2.2748772067E-03                 2.2E-03
      37   1     181  2.0889299954E-03 7.7E+00     266 1.0E+00     6 T  T
      38   1     180  2.0385391875E-03 3.9E+02       5 1.0E+00     4 T  T
      39   1     178  1.8354782412E-03 3.7E+00      14 1.0E+00    17 T  T
 
    Iter Phase   Ninf   Infeasibility   RGmax      NSB   Step  InItr MX OK
      40   1     162  1.3840412096E-03 7.1E+00      24 1.0E+00    20 T  T
      41   1     154  1.1777791701E-03 3.3E+02      18 1.0E+00    36 T  T
      42   1     136  9.0208417368E-04 8.3E+00      18 1.0E+00    49 T  T
      43   1     128  4.8879509982E-04 1.8E+02      47 1.0E+00    58 T  T
      44   1      91  4.8156326390E-04 6.8E+01      56 1.9E-02    66 T  T
      45   1      74  3.5352734611E-04 2.0E+00      25 1.0E+00    10 T  T
      46   1      60  1.3555004956E-04 1.9E+00      33 1.0E+00    14 T  T
      47   1      51  1.1798467004E-04 1.6E+00      22 3.5E-01    19 F  T
      48   1      40  8.3174115010E-05 5.1E+01      28 5.5E-01    17 F  F
      49   1      28  6.4944062401E-05 7.7E+00      18 1.0E+00    22 T  T
 
    Iter Phase   Ninf   Infeasibility   RGmax      NSB   Step  InItr MX OK
      50   1      28  6.4941842159E-05 1.6E+00       6 1.0E+00    29 T  T
      51   1      24  6.1236819861E-05 9.1E+01      47 1.0E+00    12 T  T
      52   1      24  6.1201153599E-05 1.1E+01      28 1.5E-02     8 T  T
      53   1      22  5.6335691750E-05 5.7E+00      10 1.0E+00    10 T  T
      54   1      21  5.4946128859E-05 7.5E+00      15 1.0E+00    12 T  T
      55   1      21  5.4945963592E-05 1.3E-01      27 1.0E+00    19 T  T
      56   1      18  4.7048550784E-05 2.9E+00      12 1.0E+00     3 T  T
      57   1      18  4.6957506559E-05 1.1E+01      18 3.6E-02    11 T  T
      59   1      18  4.7055816323E-05 4.6E+01       4 1.5E-18     6 F  F
      60   1      18  4.7057495694E-05 5.5E+00      41 1.0E+00     4 T  T
 
    Iter Phase   Ninf   Infeasibility   RGmax      NSB   Step  InItr MX OK
      61   1      12  3.2390151690E-05 1.0E+00      39 1.0E+00     7 T  T
      62   1       8  2.2207081146E-05 9.0E+00       5 1.0E+00     6 T  T
      63   1       6  1.8755872754E-05 2.6E+02      63 1.0E+00    22 T  T
      64   1       3  8.5860442246E-06 2.9E+01      38 1.0E+00     5 T  T
      65   1       3  8.5861492259E-06 1.0E+00       2 0.0E+00       T  T
      66   1       3  8.5949019009E-06 1.0E+00       1 0.0E+00       T  T
      67   1       3  8.5949413486E-06 1.8E+01       1 0.0E+00       T  T
      68   1       3  8.5949413486E-06 1.4E+01       1 0.0E+00       T  T
      69   1       3  8.5949413486E-06 1.2E+01       1 0.0E+00       T  T
      70   1       3  8.5949413486E-06 4.1E+00       1 0.0E+00       T  T
 
    Iter Phase   Ninf   Infeasibility   RGmax      NSB   Step  InItr MX OK
      71   1       3  8.5949413486E-06 3.6E+00       1 0.0E+00       T  T
      72   1       3  8.5949413486E-06 1.5E+00       1 0.0E+00       T  T
      73   1       3  5.6952759500E-06 5.2E-04       1 1.1E+01       T  T
      74   1       2  5.0178023807E-06 5.2E-04       1 2.6E+00       T  T
      75   1       1  2.5463278191E-06 4.2E-04       5 1.4E+01       T  T
      76   1       1  2.5430704318E-06 6.1E-02      27 0.0E+00       T  T
      77   1       1  2.5430704318E-06 6.1E-02      26 0.0E+00       T  T
      78   1       1  2.5430829150E-06 6.1E-02      25 0.0E+00       T  T
      79   1       1  2.5430829150E-06 6.1E-02      24 0.0E+00       T  T
      80   1       1  2.5430829150E-06 6.1E-02      23 0.0E+00       T  T
 
    Iter Phase   Ninf   Infeasibility   RGmax      NSB   Step  InItr MX OK
      81   1       1  2.5430829150E-06 6.1E-02      22 0.0E+00       T  T
      82   1       1  2.5430704318E-06 6.1E-02      21 0.0E+00       T  T
      83   1       1  2.5430829150E-06 6.1E-02      20 0.0E+00       T  T
      84   1       1  2.5430704318E-06 6.1E-02      19 0.0E+00       T  T
      85   1       1  2.5430829150E-06 6.1E-02      18 0.0E+00       T  T
      86   1       1  2.5430829150E-06 6.1E-02      17 0.0E+00       T  T
      87   1       1  2.5430704318E-06 6.1E-02      16 0.0E+00       T  T
      88   1       1  2.5430829150E-06 6.1E-02      15 0.0E+00       T  T
      89   1       1  2.5430829150E-06 6.1E-02      14 0.0E+00       T  T
      90   1       1  2.5430829150E-06 6.1E-02      13 0.0E+00       T  T
 
    Iter Phase   Ninf   Infeasibility   RGmax      NSB   Step  InItr MX OK
      91   1       1  2.5430704318E-06 6.1E-02      12 0.0E+00       T  T
      92   1       1  2.5430829150E-06 6.1E-02      11 0.0E+00       T  T
      93   1       1  2.5430704318E-06 6.1E-02      10 0.0E+00       T  T
      94   1       1  2.5430704318E-06 6.1E-02       9 0.0E+00       T  T
      95   1       1  2.5430611364E-06 6.1E-02       8 1.5E-09       T  T
      96   1       1  2.5430645405E-06 4.2E-02       7 9.8E-10       T  T
 
 ** Feasible solution. Value of objective =   -6.56144411602
 
 ** Loss of feasibility while tightening tolerances - Return to phase 0.
 
    Iter Phase   Ninf   Infeasibility   RGmax      NSB   Step  InItr MX OK
     100   0          1.2590659451E-07
     101   1      11  1.2556464925E-07 2.1E-01      31 0.0E+00       T  T
     106   1      11  1.2556464929E-07 1.0E-01      26 0.0E+00       T  T
     111   1      11  1.2556464931E-07 6.8E-02      21 0.0E+00       T  T
     116   1      11  1.2556464931E-07 2.3E-02      16 0.0E+00       T  T
     121   1       9  5.6263769075E-08 2.6E-06      11 1.5E+02       T  T
     124   1       1  3.5929148167E-09 1.1E+00      22 1.0E+00    15 T  T
 
 ** Feasible solution. Value of objective =   -6.56458641110
 
    Iter Phase   Ninf     Objective     RGmax      NSB   Step  InItr MX OK
     125   3         -6.7461746987E+00 7.4E+03     129 6.4E-02     1 T  T
     127   3         -9.1778094751E+00 7.4E+03      10 1.0E+00     1 T  T
     129   4         -9.1774534172E+00 0.0E+00       0
 
 ** Optimal solution. There are no superbasic variables.
 
--- DICOPT: Checking convergence
--- DICOPT: Setting up next MIP
--- DICOPT: Log File:
 Major Major     Objective    CPU time  Itera- Evaluation Solver
 Step  Iter       Function     (Sec)    tions   Errors
  NLP    1      -201.18693      0.38       72      0      conopt
  MIP    1      -201.18693      0.00       93      0      cplex
  NLP    2       -12.74128<     0.06       22      0      conopt
  MIP    2       -81.17948      0.02       94      0      cplex
  NLP    3        -9.17745      0.23      129      0      conopt
  MIP    3       -81.17948      0.02       94      0      cplex
  NLP    4        -9.17745      0.22      129      0      conopt
  MIP    4       -81.17948      0.01       94      0      cplex
  NLP    5        -9.17745      0.22      129      0      conopt
  MIP    5       -81.17948      0.02       94      0      cplex
  NLP    6        -9.17745      0.22      129      0      conopt
  MIP    6       -81.17948      0.02       94      0      cplex
  NLP    7        -9.17745      0.22      129      0      conopt
  MIP    7       -81.17948      0.02       94      0      cplex
  NLP    8        -9.17745      0.22      129      0      conopt
  MIP    8       -81.17948      0.02       94      0      cplex
  NLP    9        -9.17745      0.23      129      0      conopt
  MIP    9       -81.17948      0.02       94      0      cplex
  NLP   10        -9.17745      0.22      129      0      conopt
  MIP   10       -81.17948      0.01       94      0      cplex
  NLP   11        -9.17745      0.24      129      0      conopt
  MIP   11       -81.17948      0.00       94      0      cplex
  NLP   12        -9.17745      0.23      129      0      conopt
  MIP   12       -81.17948      0.00       94      0      cplex
  NLP   13        -9.17745      0.22      129      0      conopt

IBM ILOG CPLEX   52.4.0 d810124c Jan 14, 2026          WEI x86 64bit/MS Window

--- GAMS/CPLEX licensed for continuous and discrete problems.
--- GMO setup time: 0.00s
--- Space for names approximately 0.09 Mb
--- Use option 'names no' to turn use of names off
--- GMO memory 1.60 Mb (peak 1.62 Mb)
--- Dictionary memory 0.00 Mb
--- Cplex 22.1.2.0 link memory 0.08 Mb (peak 0.38 Mb)
--- Starting Cplex

Version identifier: 22.1.2.0 | 2024-11-25 | 0edbb82fd
CPXPARAM_Advance                                 0
CPXPARAM_MIP_Display                             4
CPXPARAM_MIP_Pool_Capacity                       0
CPXPARAM_TimeLimit                               896.95100000006528
CPXPARAM_MIP_Tolerances_AbsMIPGap                0
CPXPARAM_MIP_Tolerances_MIPGap                   0
Generic callback                                 0x50
Tried aggregator 2 times.
MIP Presolve eliminated 1966 rows and 1937 columns.
MIP Presolve modified 794 coefficients.
Aggregator did 8 substitutions.
Reduced MIP has 552 rows, 819 columns, and 2576 nonzeros.
Reduced MIP has 7 binaries, 0 generals, 0 SOSs, and 0 indicators.
Presolve time = 0.02 sec. (4.36 ticks)
Probing time = 0.00 sec. (0.02 ticks)
Tried aggregator 1 time.
Detecting symmetries...
MIP Presolve eliminated 4 rows and 0 columns.
Reduced MIP has 548 rows, 815 columns, and 2564 nonzeros.
Reduced MIP has 7 binaries, 0 generals, 0 SOSs, and 0 indicators.
Presolve time = 0.00 sec. (1.38 ticks)
Probing time = 0.00 sec. (0.02 ticks)
MIP emphasis: balance optimality and feasibility.
MIP search method: dynamic search.
Parallel mode: deterministic, using up to 18 threads.
Parallel mode: deterministic, using up to 3 threads for parallel tasks at root LP.
Initializing dual steep norms . . .

Iteration log . . .
Iteration:     1   Dual objective     =          -108.645568
Iteration:    74   Dual objective     =           -86.949710
Root relaxation solution time = 0.00 sec. (1.57 ticks)

        Nodes                                         Cuts/
   Node  Left     Objective  IInf  Best Integer    Best Bound    ItCnt     Gap

*     0+    0                      2017687.1794     -229.0461           100.01%
Found incumbent of value 2017687.179373 after 0.02 sec. (9.00 ticks)
*     0     0      integral     0      -81.1795      -81.1795       94    0.00%
Elapsed time = 0.02 sec. (9.13 ticks, tree = 0.00 MB)
Found incumbent of value -81.179475 after 0.02 sec. (9.13 ticks)

Root node processing (before b&c):
  Real time             =    0.03 sec. (9.18 ticks)
Parallel b&c, 18 threads:
  Real time             =    0.00 sec. (0.00 ticks)
  Sync time (average)   =    0.00 sec.
  Wait time (average)   =    0.00 sec.
                          ------------
Total (root+branch&cut) =    0.03 sec. (9.18 ticks)

--- MIP status (101): integer optimal solution.
--- Cplex Time: 0.03sec (det. 9.19 ticks)

--- Returning a primal only solution to GAMS (marginals all set to NA).
--- Fixing integer variables and solving final LP...

Version identifier: 22.1.2.0 | 2024-11-25 | 0edbb82fd
CPXPARAM_Advance                                 2
CPXPARAM_MIP_Display                             4
CPXPARAM_MIP_Pool_Capacity                       0
CPXPARAM_TimeLimit                               896.95100000006528
CPXPARAM_MIP_Tolerances_AbsMIPGap                0
CPXPARAM_MIP_Tolerances_MIPGap                   0
Tried aggregator 1 time.
LP Presolve eliminated 2072 rows and 2039 columns.
Aggregator did 3 substitutions.
Reduced LP has 451 rows, 722 columns, and 2139 nonzeros.
Presolve time = 0.00 sec. (2.52 ticks)
Initializing dual steep norms . . .

Iteration log . . .
Iteration:     1   Dual objective     =          -108.751010
Iteration:    66   Dual objective     =           -89.513040

--- Fixed MIP status (1): optimal.
--- Cplex Time: 0.00sec (det. 5.14 ticks)


Proven optimal solution
MIP Solution:          -81.179475    (94 iterations, 0 nodes)
Final Solve:           -81.179475    (94 iterations)

Best possible:         -81.179475
Absolute gap:           -0.000000
Relative gap:           -0.000000

--- DICOPT: Starting major iteration 14
--- DICOPT: Setting up next NLP

CONOPT 4         52.4.0 d810124c Jan 14, 2026          WEI x86 64bit/MS Window

 
 
    C O N O P T   version 4.39.0
    Copyright (C) GAMS Software GmbH
                  GAMS Development Corporation
 
    Will use up to 4 threads.
 
 
    The user model has 1421 constraints and 575 variables
    with 5941 Jacobian elements, 1365 of which are nonlinear.
    The Hessian of the Lagrangian has 273 elements on the diagonal,
    0 elements below the diagonal, and 273 nonlinear variables.
 
    Iter Phase   Ninf   Infeasibility   RGmax      NSB   Step  InItr MX OK
       0   0          1.4529124983E+07 (Input point)
 
    The pre-triangular part of the model has 602 constraints and 28 variables.
    The post-triangular part of the model has 1 constraints and variables.
 
    Preprocessed model has 818 constraints and 546 variables
    with 2987 Jacobian elements, 544 of which are nonlinear.
 
    Iter Phase   Ninf   Infeasibility   RGmax      NSB   Step  InItr MX OK
                      8.0875669486E+04 (Full preprocessed model)
                      2.5065264799E+00 (After scaling)
                      2.5710443255E-01 (After adjusting individual variables)
       1   0          1.5407534015E-01                 1.0E+00     3 T  T
       2   0          1.5395157505E-01                 1.0E+00     1 T  T
       3   0          1.5394999325E-01                 1.0E+00     1 T  T
       4   1     270  1.4780169175E-01 2.2E+01      25 1.0E+00    25 T  T
       5   1     270  1.3900451240E-01 7.7E+01      33 4.9E-01    35 T  T
       6   1     267  1.2424560268E-01 1.5E+02      24 1.0E+00    25 T  T
       7   1     267  1.1477743384E-01 3.0E+02      24 1.0E+00    25 T  T
 
    Iter Phase   Ninf   Infeasibility   RGmax      NSB   Step  InItr MX OK
       8   1     267  1.0309307290E-01 5.0E+02      34 9.7E-01    35 T  T
       9   1     266  9.3655873029E-02 5.4E+02      25 1.0E+00    25 T  T
      10   1     265  7.7965353340E-02 8.9E+02      30 8.4E-01    35 F  F
      11   1     265  6.6278323444E-02 1.3E+02      25 9.3E-01    25 T  T
      12   1     263  6.0174489845E-02 2.0E+02      22 1.0E+00    25 T  T
      13   1     261  5.0035280004E-02 3.9E+01      30 1.0E+00    35 T  T
      14   1     259  3.1061707308E-02 1.1E+02      36 4.8E-01    45 T  T
      15   1     259  2.6154926609E-02 1.2E+02      22 2.5E-01    25 T  T
      16   1     256  2.3833474618E-02 1.2E+02      17 1.0E+00    25 T  T
      17   1     251  1.7077204269E-02 4.2E+02      24 1.0E+00    32 T  T
 
    Iter Phase   Ninf   Infeasibility   RGmax      NSB   Step  InItr MX OK
      18   1     247  1.1380757390E-02 1.7E+01      38 6.2E-01    49 T  T
      19   1     245  1.0460855976E-02 1.1E+01     223 1.0E+00    25 T  T
      20   1     242  1.0150892039E-02 2.0E+01      31 1.2E-01    35 T  T
      21   1     238  9.4178165664E-03 1.1E+01      30 1.0E+00    25 T  T
      22   1     238  9.2357628480E-03 1.7E+01     220 8.8E-02    35 T  T
      23   1     234  9.1471627532E-03 7.2E+00     219 1.0E+00     9 T  T
      24   1     230  8.3838074440E-03 1.6E+02      16 1.0E+00    14 T  T
      25   1     227  6.0908679937E-03 1.5E+02      23 1.0E+00    19 T  T
      26   1     224  4.8480546487E-03 1.5E+02      15 1.0E+00    19 T  T
      27   1     216  3.9141581605E-03 7.4E+00      17 5.9E-01    19 F  F
 
    Iter Phase   Ninf   Infeasibility   RGmax      NSB   Step  InItr MX OK
      28   1     210  3.3088787316E-03 1.5E+01      21 1.0E+00    24 T  T
      29   1     210  3.2877774267E-03 5.4E+00      24 2.4E-02    35 T  T
      30   1     207  3.1454065346E-03 6.8E+01      12 1.0E+00    10 T  T
      31   1     197  3.0738777414E-03 1.3E+01      13 1.0E+00    11 T  T
      32   1     181  2.2756866374E-03 2.1E+01      22 1.0E+00    18 T  T
      33   1     181  2.2748648751E-03 2.1E+02      13 2.1E-02    13 T  T
      34   1     181  2.2748586968E-03 5.6E+01      21 0.0E+00     7 F  F
      35   0          2.2748772067E-03                 2.2E-03
      37   1     181  2.0889299954E-03 7.7E+00     266 1.0E+00     6 T  T
      38   1     180  2.0385391875E-03 3.9E+02       5 1.0E+00     4 T  T
      39   1     178  1.8354782412E-03 3.7E+00      14 1.0E+00    17 T  T
 
    Iter Phase   Ninf   Infeasibility   RGmax      NSB   Step  InItr MX OK
      40   1     162  1.3840412096E-03 7.1E+00      24 1.0E+00    20 T  T
      41   1     154  1.1777791701E-03 3.3E+02      18 1.0E+00    36 T  T
      42   1     136  9.0208417368E-04 8.3E+00      18 1.0E+00    49 T  T
      43   1     128  4.8879509982E-04 1.8E+02      47 1.0E+00    58 T  T
      44   1      91  4.8156326390E-04 6.8E+01      56 1.9E-02    66 T  T
      45   1      74  3.5352734611E-04 2.0E+00      25 1.0E+00    10 T  T
      46   1      60  1.3555004956E-04 1.9E+00      33 1.0E+00    14 T  T
      47   1      51  1.1798467004E-04 1.6E+00      22 3.5E-01    19 F  T
      48   1      40  8.3174115010E-05 5.1E+01      28 5.5E-01    17 F  F
      49   1      28  6.4944062401E-05 7.7E+00      18 1.0E+00    22 T  T
 
    Iter Phase   Ninf   Infeasibility   RGmax      NSB   Step  InItr MX OK
      50   1      28  6.4941842159E-05 1.6E+00       6 1.0E+00    29 T  T
      51   1      24  6.1236819861E-05 9.1E+01      47 1.0E+00    12 T  T
      52   1      24  6.1201153599E-05 1.1E+01      28 1.5E-02     8 T  T
      53   1      22  5.6335691750E-05 5.7E+00      10 1.0E+00    10 T  T
      54   1      21  5.4946128859E-05 7.5E+00      15 1.0E+00    12 T  T
      55   1      21  5.4945963592E-05 1.3E-01      27 1.0E+00    19 T  T
      56   1      18  4.7048550784E-05 2.9E+00      12 1.0E+00     3 T  T
      57   1      18  4.6957506559E-05 1.1E+01      18 3.6E-02    11 T  T
      59   1      18  4.7055816323E-05 4.6E+01       4 1.5E-18     6 F  F
      60   1      18  4.7057495694E-05 5.5E+00      41 1.0E+00     4 T  T
 
    Iter Phase   Ninf   Infeasibility   RGmax      NSB   Step  InItr MX OK
      61   1      12  3.2390151690E-05 1.0E+00      39 1.0E+00     7 T  T
      62   1       8  2.2207081146E-05 9.0E+00       5 1.0E+00     6 T  T
      63   1       6  1.8755872754E-05 2.6E+02      63 1.0E+00    22 T  T
      64   1       3  8.5860442246E-06 2.9E+01      38 1.0E+00     5 T  T
      65   1       3  8.5861492259E-06 1.0E+00       2 0.0E+00       T  T
      66   1       3  8.5949019009E-06 1.0E+00       1 0.0E+00       T  T
      67   1       3  8.5949413486E-06 1.8E+01       1 0.0E+00       T  T
      68   1       3  8.5949413486E-06 1.4E+01       1 0.0E+00       T  T
      69   1       3  8.5949413486E-06 1.2E+01       1 0.0E+00       T  T
      70   1       3  8.5949413486E-06 4.1E+00       1 0.0E+00       T  T
 
    Iter Phase   Ninf   Infeasibility   RGmax      NSB   Step  InItr MX OK
      71   1       3  8.5949413486E-06 3.6E+00       1 0.0E+00       T  T
      72   1       3  8.5949413486E-06 1.5E+00       1 0.0E+00       T  T
      73   1       3  5.6952759500E-06 5.2E-04       1 1.1E+01       T  T
      74   1       2  5.0178023807E-06 5.2E-04       1 2.6E+00       T  T
      75   1       1  2.5463278191E-06 4.2E-04       5 1.4E+01       T  T
      76   1       1  2.5430704318E-06 6.1E-02      27 0.0E+00       T  T
      77   1       1  2.5430704318E-06 6.1E-02      26 0.0E+00       T  T
      78   1       1  2.5430829150E-06 6.1E-02      25 0.0E+00       T  T
      79   1       1  2.5430829150E-06 6.1E-02      24 0.0E+00       T  T
      80   1       1  2.5430829150E-06 6.1E-02      23 0.0E+00       T  T
 
    Iter Phase   Ninf   Infeasibility   RGmax      NSB   Step  InItr MX OK
      81   1       1  2.5430829150E-06 6.1E-02      22 0.0E+00       T  T
      82   1       1  2.5430704318E-06 6.1E-02      21 0.0E+00       T  T
      83   1       1  2.5430829150E-06 6.1E-02      20 0.0E+00       T  T
      84   1       1  2.5430704318E-06 6.1E-02      19 0.0E+00       T  T
      85   1       1  2.5430829150E-06 6.1E-02      18 0.0E+00       T  T
      86   1       1  2.5430829150E-06 6.1E-02      17 0.0E+00       T  T
      87   1       1  2.5430704318E-06 6.1E-02      16 0.0E+00       T  T
      88   1       1  2.5430829150E-06 6.1E-02      15 0.0E+00       T  T
      89   1       1  2.5430829150E-06 6.1E-02      14 0.0E+00       T  T
      90   1       1  2.5430829150E-06 6.1E-02      13 0.0E+00       T  T
 
    Iter Phase   Ninf   Infeasibility   RGmax      NSB   Step  InItr MX OK
      91   1       1  2.5430704318E-06 6.1E-02      12 0.0E+00       T  T
      92   1       1  2.5430829150E-06 6.1E-02      11 0.0E+00       T  T
      93   1       1  2.5430704318E-06 6.1E-02      10 0.0E+00       T  T
      94   1       1  2.5430704318E-06 6.1E-02       9 0.0E+00       T  T
      95   1       1  2.5430611364E-06 6.1E-02       8 1.5E-09       T  T
      96   1       1  2.5430645405E-06 4.2E-02       7 9.8E-10       T  T
 
 ** Feasible solution. Value of objective =   -6.56144411602
 
 ** Loss of feasibility while tightening tolerances - Return to phase 0.
 
    Iter Phase   Ninf   Infeasibility   RGmax      NSB   Step  InItr MX OK
     100   0          1.2590659451E-07
     101   1      11  1.2556464925E-07 2.1E-01      31 0.0E+00       T  T
     106   1      11  1.2556464929E-07 1.0E-01      26 0.0E+00       T  T
     111   1      11  1.2556464931E-07 6.8E-02      21 0.0E+00       T  T
     116   1      11  1.2556464931E-07 2.3E-02      16 0.0E+00       T  T
     121   1       9  5.6263769075E-08 2.6E-06      11 1.5E+02       T  T
     124   1       1  3.5929148167E-09 1.1E+00      22 1.0E+00    15 T  T
 
 ** Feasible solution. Value of objective =   -6.56458641110
 
    Iter Phase   Ninf     Objective     RGmax      NSB   Step  InItr MX OK
     125   3         -6.7461746987E+00 7.4E+03     129 6.4E-02     1 T  T
     127   3         -9.1778094751E+00 7.4E+03      10 1.0E+00     1 T  T
     129   4         -9.1774534172E+00 0.0E+00       0
 
 ** Optimal solution. There are no superbasic variables.
 
--- DICOPT: Checking convergence
--- DICOPT: Setting up next MIP
--- DICOPT: Log File:
 Major Major     Objective    CPU time  Itera- Evaluation Solver
 Step  Iter       Function     (Sec)    tions   Errors
  NLP    1      -201.18693      0.38       72      0      conopt
  MIP    1      -201.18693      0.00       93      0      cplex
  NLP    2       -12.74128<     0.06       22      0      conopt
  MIP    2       -81.17948      0.02       94      0      cplex
  NLP    3        -9.17745      0.23      129      0      conopt
  MIP    3       -81.17948      0.02       94      0      cplex
  NLP    4        -9.17745      0.22      129      0      conopt
  MIP    4       -81.17948      0.01       94      0      cplex
  NLP    5        -9.17745      0.22      129      0      conopt
  MIP    5       -81.17948      0.02       94      0      cplex
  NLP    6        -9.17745      0.22      129      0      conopt
  MIP    6       -81.17948      0.02       94      0      cplex
  NLP    7        -9.17745      0.22      129      0      conopt
  MIP    7       -81.17948      0.02       94      0      cplex
  NLP    8        -9.17745      0.22      129      0      conopt
  MIP    8       -81.17948      0.02       94      0      cplex
  NLP    9        -9.17745      0.23      129      0      conopt
  MIP    9       -81.17948      0.02       94      0      cplex
  NLP   10        -9.17745      0.22      129      0      conopt
  MIP   10       -81.17948      0.01       94      0      cplex
  NLP   11        -9.17745      0.24      129      0      conopt
  MIP   11       -81.17948      0.00       94      0      cplex
  NLP   12        -9.17745      0.23      129      0      conopt
  MIP   12       -81.17948      0.00       94      0      cplex
  NLP   13        -9.17745      0.22      129      0      conopt
  MIP   13       -81.17948      0.03       94      0      cplex
  NLP   14        -9.17745      0.42      129      0      conopt

IBM ILOG CPLEX   52.4.0 d810124c Jan 14, 2026          WEI x86 64bit/MS Window

--- GAMS/CPLEX licensed for continuous and discrete problems.
--- GMO setup time: 0.00s
--- Space for names approximately 0.09 Mb
--- Use option 'names no' to turn use of names off
--- GMO memory 1.60 Mb (peak 1.62 Mb)
--- Dictionary memory 0.00 Mb
--- Cplex 22.1.2.0 link memory 0.08 Mb (peak 0.38 Mb)
--- Starting Cplex

Version identifier: 22.1.2.0 | 2024-11-25 | 0edbb82fd
CPXPARAM_Advance                                 0
CPXPARAM_MIP_Display                             4
CPXPARAM_MIP_Pool_Capacity                       0
CPXPARAM_TimeLimit                               896.49800000004802
CPXPARAM_MIP_Tolerances_AbsMIPGap                0
CPXPARAM_MIP_Tolerances_MIPGap                   0
Generic callback                                 0x50
Tried aggregator 2 times.
MIP Presolve eliminated 1966 rows and 1937 columns.
MIP Presolve modified 800 coefficients.
Aggregator did 8 substitutions.
Reduced MIP has 553 rows, 819 columns, and 2583 nonzeros.
Reduced MIP has 7 binaries, 0 generals, 0 SOSs, and 0 indicators.
Presolve time = 0.00 sec. (4.38 ticks)
Probing time = 0.00 sec. (0.02 ticks)
Tried aggregator 1 time.
Detecting symmetries...
MIP Presolve eliminated 4 rows and 0 columns.
Reduced MIP has 549 rows, 815 columns, and 2571 nonzeros.
Reduced MIP has 7 binaries, 0 generals, 0 SOSs, and 0 indicators.
Presolve time = 0.00 sec. (1.38 ticks)
Probing time = 0.00 sec. (0.02 ticks)
MIP emphasis: balance optimality and feasibility.
MIP search method: dynamic search.
Parallel mode: deterministic, using up to 18 threads.
Parallel mode: deterministic, using up to 3 threads for parallel tasks at root LP.
Initializing dual steep norms . . .

Iteration log . . .
Iteration:     1   Dual objective     =          -108.645568
Iteration:    74   Dual objective     =           -87.393650
Root relaxation solution time = 0.02 sec. (1.59 ticks)

        Nodes                                         Cuts/
   Node  Left     Objective  IInf  Best Integer    Best Bound    ItCnt     Gap

*     0+    0                      2017687.1794     -229.0461           100.01%
Found incumbent of value 2017687.179373 after 0.02 sec. (9.05 ticks)
      0     0      -81.1795     2  2017687.1794      -81.1795       96  100.00%
*     0+    0                          -81.1795      -81.1795             0.00%
Found incumbent of value -81.179475 after 0.02 sec. (9.48 ticks)
      0     0      -81.1795     0      -81.1795   ZeroHalf: 1       97    0.00%
      0     0        cutoff            -81.1795      -81.1795       97    0.00%
Elapsed time = 0.09 sec. (13.77 ticks, tree = 0.01 MB)

Zero-half cuts applied:  1

Root node processing (before b&c):
  Real time             =    0.09 sec. (13.81 ticks)
Parallel b&c, 18 threads:
  Real time             =    0.00 sec. (0.00 ticks)
  Sync time (average)   =    0.00 sec.
  Wait time (average)   =    0.00 sec.
                          ------------
Total (root+branch&cut) =    0.09 sec. (13.81 ticks)

--- MIP status (101): integer optimal solution.
--- Cplex Time: 0.09sec (det. 13.82 ticks)

--- Returning a primal only solution to GAMS (marginals all set to NA).
--- Fixing integer variables and solving final LP...

Version identifier: 22.1.2.0 | 2024-11-25 | 0edbb82fd
CPXPARAM_Advance                                 2
CPXPARAM_MIP_Display                             4
CPXPARAM_MIP_Pool_Capacity                       0
CPXPARAM_TimeLimit                               896.49800000004802
CPXPARAM_MIP_Tolerances_AbsMIPGap                0
CPXPARAM_MIP_Tolerances_MIPGap                   0
Tried aggregator 1 time.
LP Presolve eliminated 2073 rows and 2039 columns.
Aggregator did 3 substitutions.
Reduced LP has 451 rows, 722 columns, and 2139 nonzeros.
Presolve time = 0.00 sec. (2.52 ticks)
Initializing dual steep norms . . .

Iteration log . . .
Iteration:     1   Dual objective     =          -108.751010
Iteration:    66   Dual objective     =           -89.513040

--- Fixed MIP status (1): optimal.
--- Cplex Time: 0.02sec (det. 5.14 ticks)


Proven optimal solution
MIP Solution:          -81.179475    (97 iterations, 0 nodes)
Final Solve:           -81.179475    (94 iterations)

Best possible:         -81.179475
Absolute gap:           -0.000000
Relative gap:           -0.000000

--- DICOPT: Starting major iteration 15
--- DICOPT: Setting up next NLP

CONOPT 4         52.4.0 d810124c Jan 14, 2026          WEI x86 64bit/MS Window

 
 
    C O N O P T   version 4.39.0
    Copyright (C) GAMS Software GmbH
                  GAMS Development Corporation
 
    Will use up to 4 threads.
 
 
    The user model has 1421 constraints and 575 variables
    with 5941 Jacobian elements, 1365 of which are nonlinear.
    The Hessian of the Lagrangian has 273 elements on the diagonal,
    0 elements below the diagonal, and 273 nonlinear variables.
 
    Iter Phase   Ninf   Infeasibility   RGmax      NSB   Step  InItr MX OK
       0   0          1.4529124983E+07 (Input point)
 
    The pre-triangular part of the model has 602 constraints and 28 variables.
    The post-triangular part of the model has 1 constraints and variables.
 
    Preprocessed model has 818 constraints and 546 variables
    with 2987 Jacobian elements, 544 of which are nonlinear.
 
    Iter Phase   Ninf   Infeasibility   RGmax      NSB   Step  InItr MX OK
                      8.0875669486E+04 (Full preprocessed model)
                      2.5065264799E+00 (After scaling)
                      2.5710443255E-01 (After adjusting individual variables)
       1   0          1.5407534015E-01                 1.0E+00     3 T  T
       2   0          1.5395157505E-01                 1.0E+00     1 T  T
       3   0          1.5394999325E-01                 1.0E+00     1 T  T
       4   1     270  1.4780169175E-01 2.2E+01      25 1.0E+00    25 T  T
       5   1     270  1.3900451240E-01 7.7E+01      33 4.9E-01    35 T  T
       6   1     267  1.2424560268E-01 1.5E+02      24 1.0E+00    25 T  T
       7   1     267  1.1477743384E-01 3.0E+02      24 1.0E+00    25 T  T
 
    Iter Phase   Ninf   Infeasibility   RGmax      NSB   Step  InItr MX OK
       8   1     267  1.0309307290E-01 5.0E+02      34 9.7E-01    35 T  T
       9   1     266  9.3655873029E-02 5.4E+02      25 1.0E+00    25 T  T
      10   1     265  7.7965353340E-02 8.9E+02      30 8.4E-01    35 F  F
      11   1     265  6.6278323444E-02 1.3E+02      25 9.3E-01    25 T  T
      12   1     263  6.0174489845E-02 2.0E+02      22 1.0E+00    25 T  T
      13   1     261  5.0035280004E-02 3.9E+01      30 1.0E+00    35 T  T
      14   1     259  3.1061707308E-02 1.1E+02      36 4.8E-01    45 T  T
      15   1     259  2.6154926609E-02 1.2E+02      22 2.5E-01    25 T  T
      16   1     256  2.3833474618E-02 1.2E+02      17 1.0E+00    25 T  T
      17   1     251  1.7077204269E-02 4.2E+02      24 1.0E+00    32 T  T
 
    Iter Phase   Ninf   Infeasibility   RGmax      NSB   Step  InItr MX OK
      18   1     247  1.1380757390E-02 1.7E+01      38 6.2E-01    49 T  T
      19   1     245  1.0460855976E-02 1.1E+01     223 1.0E+00    25 T  T
      20   1     242  1.0150892039E-02 2.0E+01      31 1.2E-01    35 T  T
      21   1     238  9.4178165664E-03 1.1E+01      30 1.0E+00    25 T  T
      22   1     238  9.2357628480E-03 1.7E+01     220 8.8E-02    35 T  T
      23   1     234  9.1471627532E-03 7.2E+00     219 1.0E+00     9 T  T
      24   1     230  8.3838074440E-03 1.6E+02      16 1.0E+00    14 T  T
      25   1     227  6.0908679937E-03 1.5E+02      23 1.0E+00    19 T  T
      26   1     224  4.8480546487E-03 1.5E+02      15 1.0E+00    19 T  T
      27   1     216  3.9141581605E-03 7.4E+00      17 5.9E-01    19 F  F
 
    Iter Phase   Ninf   Infeasibility   RGmax      NSB   Step  InItr MX OK
      28   1     210  3.3088787316E-03 1.5E+01      21 1.0E+00    24 T  T
      29   1     210  3.2877774267E-03 5.4E+00      24 2.4E-02    35 T  T
      30   1     207  3.1454065346E-03 6.8E+01      12 1.0E+00    10 T  T
      31   1     197  3.0738777414E-03 1.3E+01      13 1.0E+00    11 T  T
      32   1     181  2.2756866374E-03 2.1E+01      22 1.0E+00    18 T  T
      33   1     181  2.2748648751E-03 2.1E+02      13 2.1E-02    13 T  T
      34   1     181  2.2748586968E-03 5.6E+01      21 0.0E+00     7 F  F
      35   0          2.2748772067E-03                 2.2E-03
      37   1     181  2.0889299954E-03 7.7E+00     266 1.0E+00     6 T  T
      38   1     180  2.0385391875E-03 3.9E+02       5 1.0E+00     4 T  T
      39   1     178  1.8354782412E-03 3.7E+00      14 1.0E+00    17 T  T
 
    Iter Phase   Ninf   Infeasibility   RGmax      NSB   Step  InItr MX OK
      40   1     162  1.3840412096E-03 7.1E+00      24 1.0E+00    20 T  T
      41   1     154  1.1777791701E-03 3.3E+02      18 1.0E+00    36 T  T
      42   1     136  9.0208417368E-04 8.3E+00      18 1.0E+00    49 T  T
      43   1     128  4.8879509982E-04 1.8E+02      47 1.0E+00    58 T  T
      44   1      91  4.8156326390E-04 6.8E+01      56 1.9E-02    66 T  T
      45   1      74  3.5352734611E-04 2.0E+00      25 1.0E+00    10 T  T
      46   1      60  1.3555004956E-04 1.9E+00      33 1.0E+00    14 T  T
      47   1      51  1.1798467004E-04 1.6E+00      22 3.5E-01    19 F  T
      48   1      40  8.3174115010E-05 5.1E+01      28 5.5E-01    17 F  F
      49   1      28  6.4944062401E-05 7.7E+00      18 1.0E+00    22 T  T
 
    Iter Phase   Ninf   Infeasibility   RGmax      NSB   Step  InItr MX OK
      50   1      28  6.4941842159E-05 1.6E+00       6 1.0E+00    29 T  T
      51   1      24  6.1236819861E-05 9.1E+01      47 1.0E+00    12 T  T
      52   1      24  6.1201153599E-05 1.1E+01      28 1.5E-02     8 T  T
      53   1      22  5.6335691750E-05 5.7E+00      10 1.0E+00    10 T  T
      54   1      21  5.4946128859E-05 7.5E+00      15 1.0E+00    12 T  T
      55   1      21  5.4945963592E-05 1.3E-01      27 1.0E+00    19 T  T
      56   1      18  4.7048550784E-05 2.9E+00      12 1.0E+00     3 T  T
      57   1      18  4.6957506559E-05 1.1E+01      18 3.6E-02    11 T  T
      59   1      18  4.7055816323E-05 4.6E+01       4 1.5E-18     6 F  F
      60   1      18  4.7057495694E-05 5.5E+00      41 1.0E+00     4 T  T
 
    Iter Phase   Ninf   Infeasibility   RGmax      NSB   Step  InItr MX OK
      61   1      12  3.2390151690E-05 1.0E+00      39 1.0E+00     7 T  T
      62   1       8  2.2207081146E-05 9.0E+00       5 1.0E+00     6 T  T
      63   1       6  1.8755872754E-05 2.6E+02      63 1.0E+00    22 T  T
      64   1       3  8.5860442246E-06 2.9E+01      38 1.0E+00     5 T  T
      65   1       3  8.5861492259E-06 1.0E+00       2 0.0E+00       T  T
      66   1       3  8.5949019009E-06 1.0E+00       1 0.0E+00       T  T
      67   1       3  8.5949413486E-06 1.8E+01       1 0.0E+00       T  T
      68   1       3  8.5949413486E-06 1.4E+01       1 0.0E+00       T  T
      69   1       3  8.5949413486E-06 1.2E+01       1 0.0E+00       T  T
      70   1       3  8.5949413486E-06 4.1E+00       1 0.0E+00       T  T
 
    Iter Phase   Ninf   Infeasibility   RGmax      NSB   Step  InItr MX OK
      71   1       3  8.5949413486E-06 3.6E+00       1 0.0E+00       T  T
      72   1       3  8.5949413486E-06 1.5E+00       1 0.0E+00       T  T
      73   1       3  5.6952759500E-06 5.2E-04       1 1.1E+01       T  T
      74   1       2  5.0178023807E-06 5.2E-04       1 2.6E+00       T  T
      75   1       1  2.5463278191E-06 4.2E-04       5 1.4E+01       T  T
      76   1       1  2.5430704318E-06 6.1E-02      27 0.0E+00       T  T
      77   1       1  2.5430704318E-06 6.1E-02      26 0.0E+00       T  T
      78   1       1  2.5430829150E-06 6.1E-02      25 0.0E+00       T  T
      79   1       1  2.5430829150E-06 6.1E-02      24 0.0E+00       T  T
      80   1       1  2.5430829150E-06 6.1E-02      23 0.0E+00       T  T
 
    Iter Phase   Ninf   Infeasibility   RGmax      NSB   Step  InItr MX OK
      81   1       1  2.5430829150E-06 6.1E-02      22 0.0E+00       T  T
      82   1       1  2.5430704318E-06 6.1E-02      21 0.0E+00       T  T
      83   1       1  2.5430829150E-06 6.1E-02      20 0.0E+00       T  T
      84   1       1  2.5430704318E-06 6.1E-02      19 0.0E+00       T  T
      85   1       1  2.5430829150E-06 6.1E-02      18 0.0E+00       T  T
      86   1       1  2.5430829150E-06 6.1E-02      17 0.0E+00       T  T
      87   1       1  2.5430704318E-06 6.1E-02      16 0.0E+00       T  T
      88   1       1  2.5430829150E-06 6.1E-02      15 0.0E+00       T  T
      89   1       1  2.5430829150E-06 6.1E-02      14 0.0E+00       T  T
      90   1       1  2.5430829150E-06 6.1E-02      13 0.0E+00       T  T
 
    Iter Phase   Ninf   Infeasibility   RGmax      NSB   Step  InItr MX OK
      91   1       1  2.5430704318E-06 6.1E-02      12 0.0E+00       T  T
      92   1       1  2.5430829150E-06 6.1E-02      11 0.0E+00       T  T
      93   1       1  2.5430704318E-06 6.1E-02      10 0.0E+00       T  T
      94   1       1  2.5430704318E-06 6.1E-02       9 0.0E+00       T  T
      95   1       1  2.5430611364E-06 6.1E-02       8 1.5E-09       T  T
      96   1       1  2.5430645405E-06 4.2E-02       7 9.8E-10       T  T
 
 ** Feasible solution. Value of objective =   -6.56144411602
 
 ** Loss of feasibility while tightening tolerances - Return to phase 0.
 
    Iter Phase   Ninf   Infeasibility   RGmax      NSB   Step  InItr MX OK
     100   0          1.2590659451E-07
     101   1      11  1.2556464925E-07 2.1E-01      31 0.0E+00       T  T
     106   1      11  1.2556464929E-07 1.0E-01      26 0.0E+00       T  T
     111   1      11  1.2556464931E-07 6.8E-02      21 0.0E+00       T  T
     116   1      11  1.2556464931E-07 2.3E-02      16 0.0E+00       T  T
     121   1       9  5.6263769075E-08 2.6E-06      11 1.5E+02       T  T
     124   1       1  3.5929148167E-09 1.1E+00      22 1.0E+00    15 T  T
 
 ** Feasible solution. Value of objective =   -6.56458641110
 
    Iter Phase   Ninf     Objective     RGmax      NSB   Step  InItr MX OK
     125   3         -6.7461746987E+00 7.4E+03     129 6.4E-02     1 T  T
     127   3         -9.1778094751E+00 7.4E+03      10 1.0E+00     1 T  T
     129   4         -9.1774534172E+00 0.0E+00       0
 
 ** Optimal solution. There are no superbasic variables.
 
--- DICOPT: Checking convergence
--- DICOPT: Setting up next MIP
--- DICOPT: Log File:
 Major Major     Objective    CPU time  Itera- Evaluation Solver
 Step  Iter       Function     (Sec)    tions   Errors
  NLP    1      -201.18693      0.38       72      0      conopt
  MIP    1      -201.18693      0.00       93      0      cplex
  NLP    2       -12.74128<     0.06       22      0      conopt
  MIP    2       -81.17948      0.02       94      0      cplex
  NLP    3        -9.17745      0.23      129      0      conopt
  MIP    3       -81.17948      0.02       94      0      cplex
  NLP    4        -9.17745      0.22      129      0      conopt
  MIP    4       -81.17948      0.01       94      0      cplex
  NLP    5        -9.17745      0.22      129      0      conopt
  MIP    5       -81.17948      0.02       94      0      cplex
  NLP    6        -9.17745      0.22      129      0      conopt
  MIP    6       -81.17948      0.02       94      0      cplex
  NLP    7        -9.17745      0.22      129      0      conopt
  MIP    7       -81.17948      0.02       94      0      cplex
  NLP    8        -9.17745      0.22      129      0      conopt
  MIP    8       -81.17948      0.02       94      0      cplex
  NLP    9        -9.17745      0.23      129      0      conopt
  MIP    9       -81.17948      0.02       94      0      cplex
  NLP   10        -9.17745      0.22      129      0      conopt
  MIP   10       -81.17948      0.01       94      0      cplex
  NLP   11        -9.17745      0.24      129      0      conopt
  MIP   11       -81.17948      0.00       94      0      cplex
  NLP   12        -9.17745      0.23      129      0      conopt
  MIP   12       -81.17948      0.00       94      0      cplex
  NLP   13        -9.17745      0.22      129      0      conopt
  MIP   13       -81.17948      0.03       94      0      cplex
  NLP   14        -9.17745      0.42      129      0      conopt
  MIP   14       -81.17948      0.11       97      0      cplex
  NLP   15        -9.17745      0.36      129      0      conopt

IBM ILOG CPLEX   52.4.0 d810124c Jan 14, 2026          WEI x86 64bit/MS Window

--- GAMS/CPLEX licensed for continuous and discrete problems.
--- GMO setup time: 0.00s
--- Space for names approximately 0.09 Mb
--- Use option 'names no' to turn use of names off
--- GMO memory 1.60 Mb (peak 1.62 Mb)
--- Dictionary memory 0.00 Mb
--- Cplex 22.1.2.0 link memory 0.08 Mb (peak 0.38 Mb)
--- Starting Cplex

Version identifier: 22.1.2.0 | 2024-11-25 | 0edbb82fd
CPXPARAM_Advance                                 0
CPXPARAM_MIP_Display                             4
CPXPARAM_MIP_Pool_Capacity                       0
CPXPARAM_TimeLimit                               896.02900000005127
CPXPARAM_MIP_Tolerances_AbsMIPGap                0
CPXPARAM_MIP_Tolerances_MIPGap                   0
Generic callback                                 0x50
Tried aggregator 2 times.
MIP Presolve eliminated 1966 rows and 1937 columns.
MIP Presolve modified 806 coefficients.
Aggregator did 8 substitutions.
Reduced MIP has 554 rows, 819 columns, and 2590 nonzeros.
Reduced MIP has 7 binaries, 0 generals, 0 SOSs, and 0 indicators.
Presolve time = 0.00 sec. (4.39 ticks)
Probing time = 0.00 sec. (0.02 ticks)
Tried aggregator 1 time.
Detecting symmetries...
MIP Presolve eliminated 4 rows and 0 columns.
Reduced MIP has 550 rows, 815 columns, and 2578 nonzeros.
Reduced MIP has 7 binaries, 0 generals, 0 SOSs, and 0 indicators.
Presolve time = 0.00 sec. (1.39 ticks)
Probing time = 0.00 sec. (0.02 ticks)
MIP emphasis: balance optimality and feasibility.
MIP search method: dynamic search.
Parallel mode: deterministic, using up to 18 threads.
Parallel mode: deterministic, using up to 3 threads for parallel tasks at root LP.
Initializing dual steep norms . . .

Iteration log . . .
Iteration:     1   Dual objective     =          -108.645568
Iteration:    74   Dual objective     =           -87.393650
Root relaxation solution time = 0.02 sec. (1.59 ticks)

        Nodes                                         Cuts/
   Node  Left     Objective  IInf  Best Integer    Best Bound    ItCnt     Gap

*     0+    0                      2017687.1794     -229.0461           100.01%
Found incumbent of value 2017687.179373 after 0.02 sec. (9.08 ticks)
      0     0      -81.1795     2  2017687.1794      -81.1795       96  100.00%
*     0+    0                          -81.1795      -81.1795             0.00%
Found incumbent of value -81.179475 after 0.02 sec. (9.50 ticks)
      0     0      -81.1795     0      -81.1795   ZeroHalf: 1       99    0.00%
      0     0        cutoff            -81.1795      -81.1795       99    0.00%
Elapsed time = 0.05 sec. (13.76 ticks, tree = 0.01 MB)

Root node processing (before b&c):
  Real time             =    0.05 sec. (13.80 ticks)
Parallel b&c, 18 threads:
  Real time             =    0.12 sec. (0.82 ticks)
  Sync time (average)   =    0.09 sec.
  Wait time (average)   =    0.00 sec.
                          ------------
Total (root+branch&cut) =    0.17 sec. (14.63 ticks)

--- MIP status (101): integer optimal solution.
--- Cplex Time: 0.17sec (det. 14.63 ticks)

--- Returning a primal only solution to GAMS (marginals all set to NA).
--- Fixing integer variables and solving final LP...

Version identifier: 22.1.2.0 | 2024-11-25 | 0edbb82fd
CPXPARAM_Advance                                 2
CPXPARAM_MIP_Display                             4
CPXPARAM_MIP_Pool_Capacity                       0
CPXPARAM_TimeLimit                               896.02900000005127
CPXPARAM_MIP_Tolerances_AbsMIPGap                0
CPXPARAM_MIP_Tolerances_MIPGap                   0
Tried aggregator 1 time.
LP Presolve eliminated 2074 rows and 2039 columns.
Aggregator did 3 substitutions.
Reduced LP has 451 rows, 722 columns, and 2139 nonzeros.
Presolve time = 0.00 sec. (2.52 ticks)
Initializing dual steep norms . . .

Iteration log . . .
Iteration:     1   Dual objective     =          -108.751010
Iteration:    66   Dual objective     =           -89.513040

--- Fixed MIP status (1): optimal.
--- Cplex Time: 0.00sec (det. 5.14 ticks)


Proven optimal solution
MIP Solution:          -81.179475    (99 iterations, 0 nodes)
Final Solve:           -81.179475    (94 iterations)

Best possible:         -81.179475
Absolute gap:           -0.000000
Relative gap:           -0.000000

--- DICOPT: Starting major iteration 16
--- DICOPT: Setting up next NLP

CONOPT 4         52.4.0 d810124c Jan 14, 2026          WEI x86 64bit/MS Window

 
 
    C O N O P T   version 4.39.0
    Copyright (C) GAMS Software GmbH
                  GAMS Development Corporation
 
    Will use up to 4 threads.
 
 
    The user model has 1421 constraints and 575 variables
    with 5941 Jacobian elements, 1365 of which are nonlinear.
    The Hessian of the Lagrangian has 273 elements on the diagonal,
    0 elements below the diagonal, and 273 nonlinear variables.
 
    Iter Phase   Ninf   Infeasibility   RGmax      NSB   Step  InItr MX OK
       0   0          1.4529124983E+07 (Input point)
 
    The pre-triangular part of the model has 602 constraints and 28 variables.
    The post-triangular part of the model has 1 constraints and variables.
 
    Preprocessed model has 818 constraints and 546 variables
    with 2987 Jacobian elements, 544 of which are nonlinear.
 
    Iter Phase   Ninf   Infeasibility   RGmax      NSB   Step  InItr MX OK
                      8.0875669486E+04 (Full preprocessed model)
                      2.5065264799E+00 (After scaling)
                      2.5710443255E-01 (After adjusting individual variables)
       1   0          1.5407534015E-01                 1.0E+00     3 T  T
       2   0          1.5395157505E-01                 1.0E+00     1 T  T
       3   0          1.5394999325E-01                 1.0E+00     1 T  T
       4   1     270  1.4780169175E-01 2.2E+01      25 1.0E+00    25 T  T
       5   1     270  1.3900451240E-01 7.7E+01      33 4.9E-01    35 T  T
       6   1     267  1.2424560268E-01 1.5E+02      24 1.0E+00    25 T  T
       7   1     267  1.1477743384E-01 3.0E+02      24 1.0E+00    25 T  T
 
    Iter Phase   Ninf   Infeasibility   RGmax      NSB   Step  InItr MX OK
       8   1     267  1.0309307290E-01 5.0E+02      34 9.7E-01    35 T  T
       9   1     266  9.3655873029E-02 5.4E+02      25 1.0E+00    25 T  T
      10   1     265  7.7965353340E-02 8.9E+02      30 8.4E-01    35 F  F
      11   1     265  6.6278323444E-02 1.3E+02      25 9.3E-01    25 T  T
      12   1     263  6.0174489845E-02 2.0E+02      22 1.0E+00    25 T  T
      13   1     261  5.0035280004E-02 3.9E+01      30 1.0E+00    35 T  T
      14   1     259  3.1061707308E-02 1.1E+02      36 4.8E-01    45 T  T
      15   1     259  2.6154926609E-02 1.2E+02      22 2.5E-01    25 T  T
      16   1     256  2.3833474618E-02 1.2E+02      17 1.0E+00    25 T  T
      17   1     251  1.7077204269E-02 4.2E+02      24 1.0E+00    32 T  T
 
    Iter Phase   Ninf   Infeasibility   RGmax      NSB   Step  InItr MX OK
      18   1     247  1.1380757390E-02 1.7E+01      38 6.2E-01    49 T  T
      19   1     245  1.0460855976E-02 1.1E+01     223 1.0E+00    25 T  T
      20   1     242  1.0150892039E-02 2.0E+01      31 1.2E-01    35 T  T
      21   1     238  9.4178165664E-03 1.1E+01      30 1.0E+00    25 T  T
      22   1     238  9.2357628480E-03 1.7E+01     220 8.8E-02    35 T  T
      23   1     234  9.1471627532E-03 7.2E+00     219 1.0E+00     9 T  T
      24   1     230  8.3838074440E-03 1.6E+02      16 1.0E+00    14 T  T
      25   1     227  6.0908679937E-03 1.5E+02      23 1.0E+00    19 T  T
      26   1     224  4.8480546487E-03 1.5E+02      15 1.0E+00    19 T  T
      27   1     216  3.9141581605E-03 7.4E+00      17 5.9E-01    19 F  F
 
    Iter Phase   Ninf   Infeasibility   RGmax      NSB   Step  InItr MX OK
      28   1     210  3.3088787316E-03 1.5E+01      21 1.0E+00    24 T  T
      29   1     210  3.2877774267E-03 5.4E+00      24 2.4E-02    35 T  T
      30   1     207  3.1454065346E-03 6.8E+01      12 1.0E+00    10 T  T
      31   1     197  3.0738777414E-03 1.3E+01      13 1.0E+00    11 T  T
      32   1     181  2.2756866374E-03 2.1E+01      22 1.0E+00    18 T  T
      33   1     181  2.2748648751E-03 2.1E+02      13 2.1E-02    13 T  T
      34   1     181  2.2748586968E-03 5.6E+01      21 0.0E+00     7 F  F
      35   0          2.2748772067E-03                 2.2E-03
      37   1     181  2.0889299954E-03 7.7E+00     266 1.0E+00     6 T  T
      38   1     180  2.0385391875E-03 3.9E+02       5 1.0E+00     4 T  T
      39   1     178  1.8354782412E-03 3.7E+00      14 1.0E+00    17 T  T
 
    Iter Phase   Ninf   Infeasibility   RGmax      NSB   Step  InItr MX OK
      40   1     162  1.3840412096E-03 7.1E+00      24 1.0E+00    20 T  T
      41   1     154  1.1777791701E-03 3.3E+02      18 1.0E+00    36 T  T
      42   1     136  9.0208417368E-04 8.3E+00      18 1.0E+00    49 T  T
      43   1     128  4.8879509982E-04 1.8E+02      47 1.0E+00    58 T  T
      44   1      91  4.8156326390E-04 6.8E+01      56 1.9E-02    66 T  T
      45   1      74  3.5352734611E-04 2.0E+00      25 1.0E+00    10 T  T
      46   1      60  1.3555004956E-04 1.9E+00      33 1.0E+00    14 T  T
      47   1      51  1.1798467004E-04 1.6E+00      22 3.5E-01    19 F  T
      48   1      40  8.3174115010E-05 5.1E+01      28 5.5E-01    17 F  F
      49   1      28  6.4944062401E-05 7.7E+00      18 1.0E+00    22 T  T
 
    Iter Phase   Ninf   Infeasibility   RGmax      NSB   Step  InItr MX OK
      50   1      28  6.4941842159E-05 1.6E+00       6 1.0E+00    29 T  T
      51   1      24  6.1236819861E-05 9.1E+01      47 1.0E+00    12 T  T
      52   1      24  6.1201153599E-05 1.1E+01      28 1.5E-02     8 T  T
      53   1      22  5.6335691750E-05 5.7E+00      10 1.0E+00    10 T  T
      54   1      21  5.4946128859E-05 7.5E+00      15 1.0E+00    12 T  T
      55   1      21  5.4945963592E-05 1.3E-01      27 1.0E+00    19 T  T
      56   1      18  4.7048550784E-05 2.9E+00      12 1.0E+00     3 T  T
      57   1      18  4.6957506559E-05 1.1E+01      18 3.6E-02    11 T  T
      59   1      18  4.7055816323E-05 4.6E+01       4 1.5E-18     6 F  F
      60   1      18  4.7057495694E-05 5.5E+00      41 1.0E+00     4 T  T
 
    Iter Phase   Ninf   Infeasibility   RGmax      NSB   Step  InItr MX OK
      61   1      12  3.2390151690E-05 1.0E+00      39 1.0E+00     7 T  T
      62   1       8  2.2207081146E-05 9.0E+00       5 1.0E+00     6 T  T
      63   1       6  1.8755872754E-05 2.6E+02      63 1.0E+00    22 T  T
      64   1       3  8.5860442246E-06 2.9E+01      38 1.0E+00     5 T  T
      65   1       3  8.5861492259E-06 1.0E+00       2 0.0E+00       T  T
      66   1       3  8.5949019009E-06 1.0E+00       1 0.0E+00       T  T
      67   1       3  8.5949413486E-06 1.8E+01       1 0.0E+00       T  T
      68   1       3  8.5949413486E-06 1.4E+01       1 0.0E+00       T  T
      69   1       3  8.5949413486E-06 1.2E+01       1 0.0E+00       T  T
      70   1       3  8.5949413486E-06 4.1E+00       1 0.0E+00       T  T
 
    Iter Phase   Ninf   Infeasibility   RGmax      NSB   Step  InItr MX OK
      71   1       3  8.5949413486E-06 3.6E+00       1 0.0E+00       T  T
      72   1       3  8.5949413486E-06 1.5E+00       1 0.0E+00       T  T
      73   1       3  5.6952759500E-06 5.2E-04       1 1.1E+01       T  T
      74   1       2  5.0178023807E-06 5.2E-04       1 2.6E+00       T  T
      75   1       1  2.5463278191E-06 4.2E-04       5 1.4E+01       T  T
      76   1       1  2.5430704318E-06 6.1E-02      27 0.0E+00       T  T
      77   1       1  2.5430704318E-06 6.1E-02      26 0.0E+00       T  T
      78   1       1  2.5430829150E-06 6.1E-02      25 0.0E+00       T  T
      79   1       1  2.5430829150E-06 6.1E-02      24 0.0E+00       T  T
      80   1       1  2.5430829150E-06 6.1E-02      23 0.0E+00       T  T
 
    Iter Phase   Ninf   Infeasibility   RGmax      NSB   Step  InItr MX OK
      81   1       1  2.5430829150E-06 6.1E-02      22 0.0E+00       T  T
      82   1       1  2.5430704318E-06 6.1E-02      21 0.0E+00       T  T
      83   1       1  2.5430829150E-06 6.1E-02      20 0.0E+00       T  T
      84   1       1  2.5430704318E-06 6.1E-02      19 0.0E+00       T  T
      85   1       1  2.5430829150E-06 6.1E-02      18 0.0E+00       T  T
      86   1       1  2.5430829150E-06 6.1E-02      17 0.0E+00       T  T
      87   1       1  2.5430704318E-06 6.1E-02      16 0.0E+00       T  T
      88   1       1  2.5430829150E-06 6.1E-02      15 0.0E+00       T  T
      89   1       1  2.5430829150E-06 6.1E-02      14 0.0E+00       T  T
      90   1       1  2.5430829150E-06 6.1E-02      13 0.0E+00       T  T
 
    Iter Phase   Ninf   Infeasibility   RGmax      NSB   Step  InItr MX OK
      91   1       1  2.5430704318E-06 6.1E-02      12 0.0E+00       T  T
      92   1       1  2.5430829150E-06 6.1E-02      11 0.0E+00       T  T
      93   1       1  2.5430704318E-06 6.1E-02      10 0.0E+00       T  T
      94   1       1  2.5430704318E-06 6.1E-02       9 0.0E+00       T  T
      95   1       1  2.5430611364E-06 6.1E-02       8 1.5E-09       T  T
      96   1       1  2.5430645405E-06 4.2E-02       7 9.8E-10       T  T
 
 ** Feasible solution. Value of objective =   -6.56144411602
 
 ** Loss of feasibility while tightening tolerances - Return to phase 0.
 
    Iter Phase   Ninf   Infeasibility   RGmax      NSB   Step  InItr MX OK
     100   0          1.2590659451E-07
     101   1      11  1.2556464925E-07 2.1E-01      31 0.0E+00       T  T
     106   1      11  1.2556464929E-07 1.0E-01      26 0.0E+00       T  T
     111   1      11  1.2556464931E-07 6.8E-02      21 0.0E+00       T  T
     116   1      11  1.2556464931E-07 2.3E-02      16 0.0E+00       T  T
     121   1       9  5.6263769075E-08 2.6E-06      11 1.5E+02       T  T
     124   1       1  3.5929148167E-09 1.1E+00      22 1.0E+00    15 T  T
 
 ** Feasible solution. Value of objective =   -6.56458641110
 
    Iter Phase   Ninf     Objective     RGmax      NSB   Step  InItr MX OK
     125   3         -6.7461746987E+00 7.4E+03     129 6.4E-02     1 T  T
     127   3         -9.1778094751E+00 7.4E+03      10 1.0E+00     1 T  T
     129   4         -9.1774534172E+00 0.0E+00       0
 
 ** Optimal solution. There are no superbasic variables.
 
--- DICOPT: Checking convergence
--- DICOPT: Setting up next MIP
--- DICOPT: Log File:
 Major Major     Objective    CPU time  Itera- Evaluation Solver
 Step  Iter       Function     (Sec)    tions   Errors
  NLP    1      -201.18693      0.38       72      0      conopt
  MIP    1      -201.18693      0.00       93      0      cplex
  NLP    2       -12.74128<     0.06       22      0      conopt
  MIP    2       -81.17948      0.02       94      0      cplex
  NLP    3        -9.17745      0.23      129      0      conopt
  MIP    3       -81.17948      0.02       94      0      cplex
  NLP    4        -9.17745      0.22      129      0      conopt
  MIP    4       -81.17948      0.01       94      0      cplex
  NLP    5        -9.17745      0.22      129      0      conopt
  MIP    5       -81.17948      0.02       94      0      cplex
  NLP    6        -9.17745      0.22      129      0      conopt
  MIP    6       -81.17948      0.02       94      0      cplex
  NLP    7        -9.17745      0.22      129      0      conopt
  MIP    7       -81.17948      0.02       94      0      cplex
  NLP    8        -9.17745      0.22      129      0      conopt
  MIP    8       -81.17948      0.02       94      0      cplex
  NLP    9        -9.17745      0.23      129      0      conopt
  MIP    9       -81.17948      0.02       94      0      cplex
  NLP   10        -9.17745      0.22      129      0      conopt
  MIP   10       -81.17948      0.01       94      0      cplex
  NLP   11        -9.17745      0.24      129      0      conopt
  MIP   11       -81.17948      0.00       94      0      cplex
  NLP   12        -9.17745      0.23      129      0      conopt
  MIP   12       -81.17948      0.00       94      0      cplex
  NLP   13        -9.17745      0.22      129      0      conopt
  MIP   13       -81.17948      0.03       94      0      cplex
  NLP   14        -9.17745      0.42      129      0      conopt
  MIP   14       -81.17948      0.11       97      0      cplex
  NLP   15        -9.17745      0.36      129      0      conopt
  MIP   15       -81.17948      0.17       99      0      cplex
  NLP   16        -9.17745      0.33      129      0      conopt

IBM ILOG CPLEX   52.4.0 d810124c Jan 14, 2026          WEI x86 64bit/MS Window

--- GAMS/CPLEX licensed for continuous and discrete problems.
--- GMO setup time: 0.00s
--- Space for names approximately 0.09 Mb
--- Use option 'names no' to turn use of names off
--- GMO memory 1.60 Mb (peak 1.62 Mb)
--- Dictionary memory 0.00 Mb
--- Cplex 22.1.2.0 link memory 0.08 Mb (peak 0.38 Mb)
--- Starting Cplex

Version identifier: 22.1.2.0 | 2024-11-25 | 0edbb82fd
CPXPARAM_Advance                                 0
CPXPARAM_MIP_Display                             4
CPXPARAM_MIP_Pool_Capacity                       0
CPXPARAM_TimeLimit                               895.52900000003081
CPXPARAM_MIP_Tolerances_AbsMIPGap                0
CPXPARAM_MIP_Tolerances_MIPGap                   0
Generic callback                                 0x50
Tried aggregator 2 times.
MIP Presolve eliminated 1966 rows and 1937 columns.
MIP Presolve modified 812 coefficients.
Aggregator did 8 substitutions.
Reduced MIP has 555 rows, 819 columns, and 2597 nonzeros.
Reduced MIP has 7 binaries, 0 generals, 0 SOSs, and 0 indicators.
Presolve time = 0.01 sec. (4.41 ticks)
Probing time = 0.00 sec. (0.03 ticks)
Tried aggregator 1 time.
Detecting symmetries...
MIP Presolve eliminated 4 rows and 0 columns.
Reduced MIP has 551 rows, 815 columns, and 2585 nonzeros.
Reduced MIP has 7 binaries, 0 generals, 0 SOSs, and 0 indicators.
Presolve time = 0.00 sec. (1.40 ticks)
Probing time = 0.00 sec. (0.02 ticks)
MIP emphasis: balance optimality and feasibility.
MIP search method: dynamic search.
Parallel mode: deterministic, using up to 18 threads.
Parallel mode: deterministic, using up to 3 threads for parallel tasks at root LP.
Initializing dual steep norms . . .

Iteration log . . .
Iteration:     1   Dual objective     =          -108.645568
Iteration:    74   Dual objective     =           -87.393650
Root relaxation solution time = 0.00 sec. (1.59 ticks)

        Nodes                                         Cuts/
   Node  Left     Objective  IInf  Best Integer    Best Bound    ItCnt     Gap

*     0+    0                      2017687.1794     -229.0461           100.01%
Found incumbent of value 2017687.179373 after 0.01 sec. (9.11 ticks)
      0     0      -81.1795     2  2017687.1794      -81.1795       96  100.00%
*     0+    0                          -81.1795      -81.1795             0.00%
Found incumbent of value -81.179475 after 0.01 sec. (9.53 ticks)
      0     0      -81.1795     0      -81.1795   ZeroHalf: 1       99    0.00%
      0     0        cutoff            -81.1795      -81.1795       99    0.00%
Elapsed time = 0.06 sec. (13.79 ticks, tree = 0.01 MB)

Root node processing (before b&c):
  Real time             =    0.06 sec. (13.84 ticks)
Parallel b&c, 18 threads:
  Real time             =    0.02 sec. (0.82 ticks)
  Sync time (average)   =    0.01 sec.
  Wait time (average)   =    0.00 sec.
                          ------------
Total (root+branch&cut) =    0.08 sec. (14.66 ticks)

--- MIP status (101): integer optimal solution.
--- Cplex Time: 0.08sec (det. 14.67 ticks)

--- Returning a primal only solution to GAMS (marginals all set to NA).
--- Fixing integer variables and solving final LP...

Version identifier: 22.1.2.0 | 2024-11-25 | 0edbb82fd
CPXPARAM_Advance                                 2
CPXPARAM_MIP_Display                             4
CPXPARAM_MIP_Pool_Capacity                       0
CPXPARAM_TimeLimit                               895.52900000003081
CPXPARAM_MIP_Tolerances_AbsMIPGap                0
CPXPARAM_MIP_Tolerances_MIPGap                   0
Tried aggregator 1 time.
LP Presolve eliminated 2075 rows and 2039 columns.
Aggregator did 3 substitutions.
Reduced LP has 451 rows, 722 columns, and 2139 nonzeros.
Presolve time = 0.00 sec. (2.52 ticks)
Initializing dual steep norms . . .

Iteration log . . .
Iteration:     1   Dual objective     =          -108.751010
Iteration:    66   Dual objective     =           -89.513040

--- Fixed MIP status (1): optimal.
--- Cplex Time: 0.00sec (det. 5.15 ticks)


Proven optimal solution
MIP Solution:          -81.179475    (99 iterations, 0 nodes)
Final Solve:           -81.179475    (94 iterations)

Best possible:         -81.179475
Absolute gap:           -0.000000
Relative gap:           -0.000000

--- DICOPT: Starting major iteration 17
--- DICOPT: Setting up next NLP

CONOPT 4         52.4.0 d810124c Jan 14, 2026          WEI x86 64bit/MS Window

 
 
    C O N O P T   version 4.39.0
    Copyright (C) GAMS Software GmbH
                  GAMS Development Corporation
 
    Will use up to 4 threads.
 
 
    The user model has 1421 constraints and 575 variables
    with 5941 Jacobian elements, 1365 of which are nonlinear.
    The Hessian of the Lagrangian has 273 elements on the diagonal,
    0 elements below the diagonal, and 273 nonlinear variables.
 
    Iter Phase   Ninf   Infeasibility   RGmax      NSB   Step  InItr MX OK
       0   0          1.4529124983E+07 (Input point)
 
    The pre-triangular part of the model has 602 constraints and 28 variables.
    The post-triangular part of the model has 1 constraints and variables.
 
    Preprocessed model has 818 constraints and 546 variables
    with 2987 Jacobian elements, 544 of which are nonlinear.
 
    Iter Phase   Ninf   Infeasibility   RGmax      NSB   Step  InItr MX OK
                      8.0875669486E+04 (Full preprocessed model)
                      2.5065264799E+00 (After scaling)
                      2.5710443255E-01 (After adjusting individual variables)
       1   0          1.5407534015E-01                 1.0E+00     3 T  T
       2   0          1.5395157505E-01                 1.0E+00     1 T  T
       3   0          1.5394999325E-01                 1.0E+00     1 T  T
       4   1     270  1.4780169175E-01 2.2E+01      25 1.0E+00    25 T  T
       5   1     270  1.3900451240E-01 7.7E+01      33 4.9E-01    35 T  T
       6   1     267  1.2424560268E-01 1.5E+02      24 1.0E+00    25 T  T
       7   1     267  1.1477743384E-01 3.0E+02      24 1.0E+00    25 T  T
 
    Iter Phase   Ninf   Infeasibility   RGmax      NSB   Step  InItr MX OK
       8   1     267  1.0309307290E-01 5.0E+02      34 9.7E-01    35 T  T
       9   1     266  9.3655873029E-02 5.4E+02      25 1.0E+00    25 T  T
      10   1     265  7.7965353340E-02 8.9E+02      30 8.4E-01    35 F  F
      11   1     265  6.6278323444E-02 1.3E+02      25 9.3E-01    25 T  T
      12   1     263  6.0174489845E-02 2.0E+02      22 1.0E+00    25 T  T
      13   1     261  5.0035280004E-02 3.9E+01      30 1.0E+00    35 T  T
      14   1     259  3.1061707308E-02 1.1E+02      36 4.8E-01    45 T  T
      15   1     259  2.6154926609E-02 1.2E+02      22 2.5E-01    25 T  T
      16   1     256  2.3833474618E-02 1.2E+02      17 1.0E+00    25 T  T
      17   1     251  1.7077204269E-02 4.2E+02      24 1.0E+00    32 T  T
 
    Iter Phase   Ninf   Infeasibility   RGmax      NSB   Step  InItr MX OK
      18   1     247  1.1380757390E-02 1.7E+01      38 6.2E-01    49 T  T
      19   1     245  1.0460855976E-02 1.1E+01     223 1.0E+00    25 T  T
      20   1     242  1.0150892039E-02 2.0E+01      31 1.2E-01    35 T  T
      21   1     238  9.4178165664E-03 1.1E+01      30 1.0E+00    25 T  T
      22   1     238  9.2357628480E-03 1.7E+01     220 8.8E-02    35 T  T
      23   1     234  9.1471627532E-03 7.2E+00     219 1.0E+00     9 T  T
      24   1     230  8.3838074440E-03 1.6E+02      16 1.0E+00    14 T  T
      25   1     227  6.0908679937E-03 1.5E+02      23 1.0E+00    19 T  T
      26   1     224  4.8480546487E-03 1.5E+02      15 1.0E+00    19 T  T
      27   1     216  3.9141581605E-03 7.4E+00      17 5.9E-01    19 F  F
 
    Iter Phase   Ninf   Infeasibility   RGmax      NSB   Step  InItr MX OK
      28   1     210  3.3088787316E-03 1.5E+01      21 1.0E+00    24 T  T
      29   1     210  3.2877774267E-03 5.4E+00      24 2.4E-02    35 T  T
      30   1     207  3.1454065346E-03 6.8E+01      12 1.0E+00    10 T  T
      31   1     197  3.0738777414E-03 1.3E+01      13 1.0E+00    11 T  T
      32   1     181  2.2756866374E-03 2.1E+01      22 1.0E+00    18 T  T
      33   1     181  2.2748648751E-03 2.1E+02      13 2.1E-02    13 T  T
      34   1     181  2.2748586968E-03 5.6E+01      21 0.0E+00     7 F  F
      35   0          2.2748772067E-03                 2.2E-03
      37   1     181  2.0889299954E-03 7.7E+00     266 1.0E+00     6 T  T
      38   1     180  2.0385391875E-03 3.9E+02       5 1.0E+00     4 T  T
      39   1     178  1.8354782412E-03 3.7E+00      14 1.0E+00    17 T  T
 
    Iter Phase   Ninf   Infeasibility   RGmax      NSB   Step  InItr MX OK
      40   1     162  1.3840412096E-03 7.1E+00      24 1.0E+00    20 T  T
      41   1     154  1.1777791701E-03 3.3E+02      18 1.0E+00    36 T  T
      42   1     136  9.0208417368E-04 8.3E+00      18 1.0E+00    49 T  T
      43   1     128  4.8879509982E-04 1.8E+02      47 1.0E+00    58 T  T
      44   1      91  4.8156326390E-04 6.8E+01      56 1.9E-02    66 T  T
      45   1      74  3.5352734611E-04 2.0E+00      25 1.0E+00    10 T  T
      46   1      60  1.3555004956E-04 1.9E+00      33 1.0E+00    14 T  T
      47   1      51  1.1798467004E-04 1.6E+00      22 3.5E-01    19 F  T
      48   1      40  8.3174115010E-05 5.1E+01      28 5.5E-01    17 F  F
      49   1      28  6.4944062401E-05 7.7E+00      18 1.0E+00    22 T  T
 
    Iter Phase   Ninf   Infeasibility   RGmax      NSB   Step  InItr MX OK
      50   1      28  6.4941842159E-05 1.6E+00       6 1.0E+00    29 T  T
      51   1      24  6.1236819861E-05 9.1E+01      47 1.0E+00    12 T  T
      52   1      24  6.1201153599E-05 1.1E+01      28 1.5E-02     8 T  T
      53   1      22  5.6335691750E-05 5.7E+00      10 1.0E+00    10 T  T
      54   1      21  5.4946128859E-05 7.5E+00      15 1.0E+00    12 T  T
      55   1      21  5.4945963592E-05 1.3E-01      27 1.0E+00    19 T  T
      56   1      18  4.7048550784E-05 2.9E+00      12 1.0E+00     3 T  T
      57   1      18  4.6957506559E-05 1.1E+01      18 3.6E-02    11 T  T
      59   1      18  4.7055816323E-05 4.6E+01       4 1.5E-18     6 F  F
      60   1      18  4.7057495694E-05 5.5E+00      41 1.0E+00     4 T  T
 
    Iter Phase   Ninf   Infeasibility   RGmax      NSB   Step  InItr MX OK
      61   1      12  3.2390151690E-05 1.0E+00      39 1.0E+00     7 T  T
      62   1       8  2.2207081146E-05 9.0E+00       5 1.0E+00     6 T  T
      63   1       6  1.8755872754E-05 2.6E+02      63 1.0E+00    22 T  T
      64   1       3  8.5860442246E-06 2.9E+01      38 1.0E+00     5 T  T
      65   1       3  8.5861492259E-06 1.0E+00       2 0.0E+00       T  T
      66   1       3  8.5949019009E-06 1.0E+00       1 0.0E+00       T  T
      67   1       3  8.5949413486E-06 1.8E+01       1 0.0E+00       T  T
      68   1       3  8.5949413486E-06 1.4E+01       1 0.0E+00       T  T
      69   1       3  8.5949413486E-06 1.2E+01       1 0.0E+00       T  T
      70   1       3  8.5949413486E-06 4.1E+00       1 0.0E+00       T  T
 
    Iter Phase   Ninf   Infeasibility   RGmax      NSB   Step  InItr MX OK
      71   1       3  8.5949413486E-06 3.6E+00       1 0.0E+00       T  T
      72   1       3  8.5949413486E-06 1.5E+00       1 0.0E+00       T  T
      73   1       3  5.6952759500E-06 5.2E-04       1 1.1E+01       T  T
      74   1       2  5.0178023807E-06 5.2E-04       1 2.6E+00       T  T
      75   1       1  2.5463278191E-06 4.2E-04       5 1.4E+01       T  T
      76   1       1  2.5430704318E-06 6.1E-02      27 0.0E+00       T  T
      77   1       1  2.5430704318E-06 6.1E-02      26 0.0E+00       T  T
      78   1       1  2.5430829150E-06 6.1E-02      25 0.0E+00       T  T
      79   1       1  2.5430829150E-06 6.1E-02      24 0.0E+00       T  T
      80   1       1  2.5430829150E-06 6.1E-02      23 0.0E+00       T  T
 
    Iter Phase   Ninf   Infeasibility   RGmax      NSB   Step  InItr MX OK
      81   1       1  2.5430829150E-06 6.1E-02      22 0.0E+00       T  T
      82   1       1  2.5430704318E-06 6.1E-02      21 0.0E+00       T  T
      83   1       1  2.5430829150E-06 6.1E-02      20 0.0E+00       T  T
      84   1       1  2.5430704318E-06 6.1E-02      19 0.0E+00       T  T
      85   1       1  2.5430829150E-06 6.1E-02      18 0.0E+00       T  T
      86   1       1  2.5430829150E-06 6.1E-02      17 0.0E+00       T  T
      87   1       1  2.5430704318E-06 6.1E-02      16 0.0E+00       T  T
      88   1       1  2.5430829150E-06 6.1E-02      15 0.0E+00       T  T
      89   1       1  2.5430829150E-06 6.1E-02      14 0.0E+00       T  T
      90   1       1  2.5430829150E-06 6.1E-02      13 0.0E+00       T  T
 
    Iter Phase   Ninf   Infeasibility   RGmax      NSB   Step  InItr MX OK
      91   1       1  2.5430704318E-06 6.1E-02      12 0.0E+00       T  T
      92   1       1  2.5430829150E-06 6.1E-02      11 0.0E+00       T  T
      93   1       1  2.5430704318E-06 6.1E-02      10 0.0E+00       T  T
      94   1       1  2.5430704318E-06 6.1E-02       9 0.0E+00       T  T
      95   1       1  2.5430611364E-06 6.1E-02       8 1.5E-09       T  T
      96   1       1  2.5430645405E-06 4.2E-02       7 9.8E-10       T  T
 
 ** Feasible solution. Value of objective =   -6.56144411602
 
 ** Loss of feasibility while tightening tolerances - Return to phase 0.
 
    Iter Phase   Ninf   Infeasibility   RGmax      NSB   Step  InItr MX OK
     100   0          1.2590659451E-07
     101   1      11  1.2556464925E-07 2.1E-01      31 0.0E+00       T  T
     106   1      11  1.2556464929E-07 1.0E-01      26 0.0E+00       T  T
     111   1      11  1.2556464931E-07 6.8E-02      21 0.0E+00       T  T
     116   1      11  1.2556464931E-07 2.3E-02      16 0.0E+00       T  T
     121   1       9  5.6263769075E-08 2.6E-06      11 1.5E+02       T  T
     124   1       1  3.5929148167E-09 1.1E+00      22 1.0E+00    15 T  T
 
 ** Feasible solution. Value of objective =   -6.56458641110
 
    Iter Phase   Ninf     Objective     RGmax      NSB   Step  InItr MX OK
     125   3         -6.7461746987E+00 7.4E+03     129 6.4E-02     1 T  T
     127   3         -9.1778094751E+00 7.4E+03      10 1.0E+00     1 T  T
     129   4         -9.1774534172E+00 0.0E+00       0
 
 ** Optimal solution. There are no superbasic variables.
 
--- DICOPT: Checking convergence
--- DICOPT: Setting up next MIP
--- DICOPT: Log File:
 Major Major     Objective    CPU time  Itera- Evaluation Solver
 Step  Iter       Function     (Sec)    tions   Errors
  NLP    1      -201.18693      0.38       72      0      conopt
  MIP    1      -201.18693      0.00       93      0      cplex
  NLP    2       -12.74128<     0.06       22      0      conopt
  MIP    2       -81.17948      0.02       94      0      cplex
  NLP    3        -9.17745      0.23      129      0      conopt
  MIP    3       -81.17948      0.02       94      0      cplex
  NLP    4        -9.17745      0.22      129      0      conopt
  MIP    4       -81.17948      0.01       94      0      cplex
  NLP    5        -9.17745      0.22      129      0      conopt
  MIP    5       -81.17948      0.02       94      0      cplex
  NLP    6        -9.17745      0.22      129      0      conopt
  MIP    6       -81.17948      0.02       94      0      cplex
  NLP    7        -9.17745      0.22      129      0      conopt
  MIP    7       -81.17948      0.02       94      0      cplex
  NLP    8        -9.17745      0.22      129      0      conopt
  MIP    8       -81.17948      0.02       94      0      cplex
  NLP    9        -9.17745      0.23      129      0      conopt
  MIP    9       -81.17948      0.02       94      0      cplex
  NLP   10        -9.17745      0.22      129      0      conopt
  MIP   10       -81.17948      0.01       94      0      cplex
  NLP   11        -9.17745      0.24      129      0      conopt
  MIP   11       -81.17948      0.00       94      0      cplex
  NLP   12        -9.17745      0.23      129      0      conopt
  MIP   12       -81.17948      0.00       94      0      cplex
  NLP   13        -9.17745      0.22      129      0      conopt
  MIP   13       -81.17948      0.03       94      0      cplex
  NLP   14        -9.17745      0.42      129      0      conopt
  MIP   14       -81.17948      0.11       97      0      cplex
  NLP   15        -9.17745      0.36      129      0      conopt
  MIP   15       -81.17948      0.17       99      0      cplex
  NLP   16        -9.17745      0.33      129      0      conopt
  MIP   16       -81.17948      0.08       99      0      cplex
  NLP   17        -9.17745      0.39      129      0      conopt

IBM ILOG CPLEX   52.4.0 d810124c Jan 14, 2026          WEI x86 64bit/MS Window

--- GAMS/CPLEX licensed for continuous and discrete problems.
--- GMO setup time: 0.00s
--- Space for names approximately 0.09 Mb
--- Use option 'names no' to turn use of names off
--- GMO memory 1.60 Mb (peak 1.62 Mb)
--- Dictionary memory 0.00 Mb
--- Cplex 22.1.2.0 link memory 0.08 Mb (peak 0.38 Mb)
--- Starting Cplex

Version identifier: 22.1.2.0 | 2024-11-25 | 0edbb82fd
CPXPARAM_Advance                                 0
CPXPARAM_MIP_Display                             4
CPXPARAM_MIP_Pool_Capacity                       0
CPXPARAM_TimeLimit                               895.06100000005131
CPXPARAM_MIP_Tolerances_AbsMIPGap                0
CPXPARAM_MIP_Tolerances_MIPGap                   0
Generic callback                                 0x50
Tried aggregator 2 times.
MIP Presolve eliminated 1966 rows and 1937 columns.
MIP Presolve modified 818 coefficients.
Aggregator did 8 substitutions.
Reduced MIP has 556 rows, 819 columns, and 2604 nonzeros.
Reduced MIP has 7 binaries, 0 generals, 0 SOSs, and 0 indicators.
Presolve time = 0.00 sec. (4.43 ticks)
Probing time = 0.00 sec. (0.03 ticks)
Tried aggregator 1 time.
Detecting symmetries...
MIP Presolve eliminated 4 rows and 0 columns.
Reduced MIP has 552 rows, 815 columns, and 2592 nonzeros.
Reduced MIP has 7 binaries, 0 generals, 0 SOSs, and 0 indicators.
Presolve time = 0.00 sec. (1.40 ticks)
Probing time = 0.00 sec. (0.03 ticks)
MIP emphasis: balance optimality and feasibility.
MIP search method: dynamic search.
Parallel mode: deterministic, using up to 18 threads.
Parallel mode: deterministic, using up to 3 threads for parallel tasks at root LP.
Initializing dual steep norms . . .

Iteration log . . .
Iteration:     1   Dual objective     =          -108.645568
Iteration:    74   Dual objective     =           -87.393650
Root relaxation solution time = 0.00 sec. (1.59 ticks)

        Nodes                                         Cuts/
   Node  Left     Objective  IInf  Best Integer    Best Bound    ItCnt     Gap

*     0+    0                      2017687.1794     -229.0461           100.01%
Found incumbent of value 2017687.179373 after 0.00 sec. (9.13 ticks)
      0     0      -81.1795     2  2017687.1794      -81.1795       96  100.00%
*     0     0      integral     0      -81.1795   ZeroHalf: 1       99    0.00%
Found incumbent of value -81.179475 after 0.00 sec. (13.13 ticks)
      0     0        cutoff            -81.1795      -81.1795       99    0.00%
Elapsed time = 0.02 sec. (13.14 ticks, tree = 0.01 MB)

Root node processing (before b&c):
  Real time             =    0.02 sec. (13.19 ticks)
Parallel b&c, 18 threads:
  Real time             =    0.06 sec. (0.83 ticks)
  Sync time (average)   =    0.04 sec.
  Wait time (average)   =    0.00 sec.
                          ------------
Total (root+branch&cut) =    0.08 sec. (14.02 ticks)

--- MIP status (101): integer optimal solution.
--- Cplex Time: 0.08sec (det. 14.02 ticks)

--- Returning a primal only solution to GAMS (marginals all set to NA).
--- Fixing integer variables and solving final LP...

Version identifier: 22.1.2.0 | 2024-11-25 | 0edbb82fd
CPXPARAM_Advance                                 2
CPXPARAM_MIP_Display                             4
CPXPARAM_MIP_Pool_Capacity                       0
CPXPARAM_TimeLimit                               895.06100000005131
CPXPARAM_MIP_Tolerances_AbsMIPGap                0
CPXPARAM_MIP_Tolerances_MIPGap                   0
Tried aggregator 1 time.
LP Presolve eliminated 2076 rows and 2039 columns.
Aggregator did 3 substitutions.
Reduced LP has 451 rows, 722 columns, and 2139 nonzeros.
Presolve time = 0.00 sec. (2.52 ticks)
Initializing dual steep norms . . .

Iteration log . . .
Iteration:     1   Dual objective     =          -108.751010
Iteration:    66   Dual objective     =           -89.513040

--- Fixed MIP status (1): optimal.
--- Cplex Time: 0.00sec (det. 5.15 ticks)


Proven optimal solution
MIP Solution:          -81.179475    (99 iterations, 0 nodes)
Final Solve:           -81.179475    (94 iterations)

Best possible:         -81.179475
Absolute gap:           -0.000000
Relative gap:           -0.000000

--- DICOPT: Starting major iteration 18
--- DICOPT: Setting up next NLP

CONOPT 4         52.4.0 d810124c Jan 14, 2026          WEI x86 64bit/MS Window

 
 
    C O N O P T   version 4.39.0
    Copyright (C) GAMS Software GmbH
                  GAMS Development Corporation
 
    Will use up to 4 threads.
 
 
    The user model has 1421 constraints and 575 variables
    with 5941 Jacobian elements, 1365 of which are nonlinear.
    The Hessian of the Lagrangian has 273 elements on the diagonal,
    0 elements below the diagonal, and 273 nonlinear variables.
 
    Iter Phase   Ninf   Infeasibility   RGmax      NSB   Step  InItr MX OK
       0   0          1.4529124983E+07 (Input point)
 
    The pre-triangular part of the model has 602 constraints and 28 variables.
    The post-triangular part of the model has 1 constraints and variables.
 
    Preprocessed model has 818 constraints and 546 variables
    with 2987 Jacobian elements, 544 of which are nonlinear.
 
    Iter Phase   Ninf   Infeasibility   RGmax      NSB   Step  InItr MX OK
                      8.0875669486E+04 (Full preprocessed model)
                      2.5065264799E+00 (After scaling)
                      2.5710443255E-01 (After adjusting individual variables)
       1   0          1.5407534015E-01                 1.0E+00     3 T  T
       2   0          1.5395157505E-01                 1.0E+00     1 T  T
       3   0          1.5394999325E-01                 1.0E+00     1 T  T
       4   1     270  1.4780169175E-01 2.2E+01      25 1.0E+00    25 T  T
       5   1     270  1.3900451240E-01 7.7E+01      33 4.9E-01    35 T  T
       6   1     267  1.2424560268E-01 1.5E+02      24 1.0E+00    25 T  T
       7   1     267  1.1477743384E-01 3.0E+02      24 1.0E+00    25 T  T
 
    Iter Phase   Ninf   Infeasibility   RGmax      NSB   Step  InItr MX OK
       8   1     267  1.0309307290E-01 5.0E+02      34 9.7E-01    35 T  T
       9   1     266  9.3655873029E-02 5.4E+02      25 1.0E+00    25 T  T
      10   1     265  7.7965353340E-02 8.9E+02      30 8.4E-01    35 F  F
      11   1     265  6.6278323444E-02 1.3E+02      25 9.3E-01    25 T  T
      12   1     263  6.0174489845E-02 2.0E+02      22 1.0E+00    25 T  T
      13   1     261  5.0035280004E-02 3.9E+01      30 1.0E+00    35 T  T
      14   1     259  3.1061707308E-02 1.1E+02      36 4.8E-01    45 T  T
      15   1     259  2.6154926609E-02 1.2E+02      22 2.5E-01    25 T  T
      16   1     256  2.3833474618E-02 1.2E+02      17 1.0E+00    25 T  T
      17   1     251  1.7077204269E-02 4.2E+02      24 1.0E+00    32 T  T
 
    Iter Phase   Ninf   Infeasibility   RGmax      NSB   Step  InItr MX OK
      18   1     247  1.1380757390E-02 1.7E+01      38 6.2E-01    49 T  T
      19   1     245  1.0460855976E-02 1.1E+01     223 1.0E+00    25 T  T
      20   1     242  1.0150892039E-02 2.0E+01      31 1.2E-01    35 T  T
      21   1     238  9.4178165664E-03 1.1E+01      30 1.0E+00    25 T  T
      22   1     238  9.2357628480E-03 1.7E+01     220 8.8E-02    35 T  T
      23   1     234  9.1471627532E-03 7.2E+00     219 1.0E+00     9 T  T
      24   1     230  8.3838074440E-03 1.6E+02      16 1.0E+00    14 T  T
      25   1     227  6.0908679937E-03 1.5E+02      23 1.0E+00    19 T  T
      26   1     224  4.8480546487E-03 1.5E+02      15 1.0E+00    19 T  T
      27   1     216  3.9141581605E-03 7.4E+00      17 5.9E-01    19 F  F
 
    Iter Phase   Ninf   Infeasibility   RGmax      NSB   Step  InItr MX OK
      28   1     210  3.3088787316E-03 1.5E+01      21 1.0E+00    24 T  T
      29   1     210  3.2877774267E-03 5.4E+00      24 2.4E-02    35 T  T
      30   1     207  3.1454065346E-03 6.8E+01      12 1.0E+00    10 T  T
      31   1     197  3.0738777414E-03 1.3E+01      13 1.0E+00    11 T  T
      32   1     181  2.2756866374E-03 2.1E+01      22 1.0E+00    18 T  T
      33   1     181  2.2748648751E-03 2.1E+02      13 2.1E-02    13 T  T
      34   1     181  2.2748586968E-03 5.6E+01      21 0.0E+00     7 F  F
      35   0          2.2748772067E-03                 2.2E-03
      37   1     181  2.0889299954E-03 7.7E+00     266 1.0E+00     6 T  T
      38   1     180  2.0385391875E-03 3.9E+02       5 1.0E+00     4 T  T
      39   1     178  1.8354782412E-03 3.7E+00      14 1.0E+00    17 T  T
 
    Iter Phase   Ninf   Infeasibility   RGmax      NSB   Step  InItr MX OK
      40   1     162  1.3840412096E-03 7.1E+00      24 1.0E+00    20 T  T
      41   1     154  1.1777791701E-03 3.3E+02      18 1.0E+00    36 T  T
      42   1     136  9.0208417368E-04 8.3E+00      18 1.0E+00    49 T  T
      43   1     128  4.8879509982E-04 1.8E+02      47 1.0E+00    58 T  T
      44   1      91  4.8156326390E-04 6.8E+01      56 1.9E-02    66 T  T
      45   1      74  3.5352734611E-04 2.0E+00      25 1.0E+00    10 T  T
      46   1      60  1.3555004956E-04 1.9E+00      33 1.0E+00    14 T  T
      47   1      51  1.1798467004E-04 1.6E+00      22 3.5E-01    19 F  T
      48   1      40  8.3174115010E-05 5.1E+01      28 5.5E-01    17 F  F
      49   1      28  6.4944062401E-05 7.7E+00      18 1.0E+00    22 T  T
 
    Iter Phase   Ninf   Infeasibility   RGmax      NSB   Step  InItr MX OK
      50   1      28  6.4941842159E-05 1.6E+00       6 1.0E+00    29 T  T
      51   1      24  6.1236819861E-05 9.1E+01      47 1.0E+00    12 T  T
      52   1      24  6.1201153599E-05 1.1E+01      28 1.5E-02     8 T  T
      53   1      22  5.6335691750E-05 5.7E+00      10 1.0E+00    10 T  T
      54   1      21  5.4946128859E-05 7.5E+00      15 1.0E+00    12 T  T
      55   1      21  5.4945963592E-05 1.3E-01      27 1.0E+00    19 T  T
      56   1      18  4.7048550784E-05 2.9E+00      12 1.0E+00     3 T  T
      57   1      18  4.6957506559E-05 1.1E+01      18 3.6E-02    11 T  T
      59   1      18  4.7055816323E-05 4.6E+01       4 1.5E-18     6 F  F
      60   1      18  4.7057495694E-05 5.5E+00      41 1.0E+00     4 T  T
 
    Iter Phase   Ninf   Infeasibility   RGmax      NSB   Step  InItr MX OK
      61   1      12  3.2390151690E-05 1.0E+00      39 1.0E+00     7 T  T
      62   1       8  2.2207081146E-05 9.0E+00       5 1.0E+00     6 T  T
      63   1       6  1.8755872754E-05 2.6E+02      63 1.0E+00    22 T  T
      64   1       3  8.5860442246E-06 2.9E+01      38 1.0E+00     5 T  T
      65   1       3  8.5861492259E-06 1.0E+00       2 0.0E+00       T  T
      66   1       3  8.5949019009E-06 1.0E+00       1 0.0E+00       T  T
      67   1       3  8.5949413486E-06 1.8E+01       1 0.0E+00       T  T
      68   1       3  8.5949413486E-06 1.4E+01       1 0.0E+00       T  T
      69   1       3  8.5949413486E-06 1.2E+01       1 0.0E+00       T  T
      70   1       3  8.5949413486E-06 4.1E+00       1 0.0E+00       T  T
 
    Iter Phase   Ninf   Infeasibility   RGmax      NSB   Step  InItr MX OK
      71   1       3  8.5949413486E-06 3.6E+00       1 0.0E+00       T  T
      72   1       3  8.5949413486E-06 1.5E+00       1 0.0E+00       T  T
      73   1       3  5.6952759500E-06 5.2E-04       1 1.1E+01       T  T
      74   1       2  5.0178023807E-06 5.2E-04       1 2.6E+00       T  T
      75   1       1  2.5463278191E-06 4.2E-04       5 1.4E+01       T  T
      76   1       1  2.5430704318E-06 6.1E-02      27 0.0E+00       T  T
      77   1       1  2.5430704318E-06 6.1E-02      26 0.0E+00       T  T
      78   1       1  2.5430829150E-06 6.1E-02      25 0.0E+00       T  T
      79   1       1  2.5430829150E-06 6.1E-02      24 0.0E+00       T  T
      80   1       1  2.5430829150E-06 6.1E-02      23 0.0E+00       T  T
 
    Iter Phase   Ninf   Infeasibility   RGmax      NSB   Step  InItr MX OK
      81   1       1  2.5430829150E-06 6.1E-02      22 0.0E+00       T  T
      82   1       1  2.5430704318E-06 6.1E-02      21 0.0E+00       T  T
      83   1       1  2.5430829150E-06 6.1E-02      20 0.0E+00       T  T
      84   1       1  2.5430704318E-06 6.1E-02      19 0.0E+00       T  T
      85   1       1  2.5430829150E-06 6.1E-02      18 0.0E+00       T  T
      86   1       1  2.5430829150E-06 6.1E-02      17 0.0E+00       T  T
      87   1       1  2.5430704318E-06 6.1E-02      16 0.0E+00       T  T
      88   1       1  2.5430829150E-06 6.1E-02      15 0.0E+00       T  T
      89   1       1  2.5430829150E-06 6.1E-02      14 0.0E+00       T  T
      90   1       1  2.5430829150E-06 6.1E-02      13 0.0E+00       T  T
 
    Iter Phase   Ninf   Infeasibility   RGmax      NSB   Step  InItr MX OK
      91   1       1  2.5430704318E-06 6.1E-02      12 0.0E+00       T  T
      92   1       1  2.5430829150E-06 6.1E-02      11 0.0E+00       T  T
      93   1       1  2.5430704318E-06 6.1E-02      10 0.0E+00       T  T
      94   1       1  2.5430704318E-06 6.1E-02       9 0.0E+00       T  T
      95   1       1  2.5430611364E-06 6.1E-02       8 1.5E-09       T  T
      96   1       1  2.5430645405E-06 4.2E-02       7 9.8E-10       T  T
 
 ** Feasible solution. Value of objective =   -6.56144411602
 
 ** Loss of feasibility while tightening tolerances - Return to phase 0.
 
    Iter Phase   Ninf   Infeasibility   RGmax      NSB   Step  InItr MX OK
     100   0          1.2590659451E-07
     101   1      11  1.2556464925E-07 2.1E-01      31 0.0E+00       T  T
     106   1      11  1.2556464929E-07 1.0E-01      26 0.0E+00       T  T
     111   1      11  1.2556464931E-07 6.8E-02      21 0.0E+00       T  T
     116   1      11  1.2556464931E-07 2.3E-02      16 0.0E+00       T  T
     121   1       9  5.6263769075E-08 2.6E-06      11 1.5E+02       T  T
     124   1       1  3.5929148167E-09 1.1E+00      22 1.0E+00    15 T  T
 
 ** Feasible solution. Value of objective =   -6.56458641110
 
    Iter Phase   Ninf     Objective     RGmax      NSB   Step  InItr MX OK
     125   3         -6.7461746987E+00 7.4E+03     129 6.4E-02     1 T  T
     127   3         -9.1778094751E+00 7.4E+03      10 1.0E+00     1 T  T
     129   4         -9.1774534172E+00 0.0E+00       0
 
 ** Optimal solution. There are no superbasic variables.
 
--- DICOPT: Checking convergence
--- DICOPT: Setting up next MIP
--- DICOPT: Log File:
 Major Major     Objective    CPU time  Itera- Evaluation Solver
 Step  Iter       Function     (Sec)    tions   Errors
  NLP    1      -201.18693      0.38       72      0      conopt
  MIP    1      -201.18693      0.00       93      0      cplex
  NLP    2       -12.74128<     0.06       22      0      conopt
  MIP    2       -81.17948      0.02       94      0      cplex
  NLP    3        -9.17745      0.23      129      0      conopt
  MIP    3       -81.17948      0.02       94      0      cplex
  NLP    4        -9.17745      0.22      129      0      conopt
  MIP    4       -81.17948      0.01       94      0      cplex
  NLP    5        -9.17745      0.22      129      0      conopt
  MIP    5       -81.17948      0.02       94      0      cplex
  NLP    6        -9.17745      0.22      129      0      conopt
  MIP    6       -81.17948      0.02       94      0      cplex
  NLP    7        -9.17745      0.22      129      0      conopt
  MIP    7       -81.17948      0.02       94      0      cplex
  NLP    8        -9.17745      0.22      129      0      conopt
  MIP    8       -81.17948      0.02       94      0      cplex
  NLP    9        -9.17745      0.23      129      0      conopt
  MIP    9       -81.17948      0.02       94      0      cplex
  NLP   10        -9.17745      0.22      129      0      conopt
  MIP   10       -81.17948      0.01       94      0      cplex
  NLP   11        -9.17745      0.24      129      0      conopt
  MIP   11       -81.17948      0.00       94      0      cplex
  NLP   12        -9.17745      0.23      129      0      conopt
  MIP   12       -81.17948      0.00       94      0      cplex
  NLP   13        -9.17745      0.22      129      0      conopt
  MIP   13       -81.17948      0.03       94      0      cplex
  NLP   14        -9.17745      0.42      129      0      conopt
  MIP   14       -81.17948      0.11       97      0      cplex
  NLP   15        -9.17745      0.36      129      0      conopt
  MIP   15       -81.17948      0.17       99      0      cplex
  NLP   16        -9.17745      0.33      129      0      conopt
  MIP   16       -81.17948      0.08       99      0      cplex
  NLP   17        -9.17745      0.39      129      0      conopt
  MIP   17       -81.17948      0.08       99      0      cplex
  NLP   18        -9.17745      0.36      129      0      conopt

IBM ILOG CPLEX   52.4.0 d810124c Jan 14, 2026          WEI x86 64bit/MS Window

--- GAMS/CPLEX licensed for continuous and discrete problems.
--- GMO setup time: 0.00s
--- Space for names approximately 0.09 Mb
--- Use option 'names no' to turn use of names off
--- GMO memory 1.60 Mb (peak 1.62 Mb)
--- Dictionary memory 0.00 Mb
--- Cplex 22.1.2.0 link memory 0.08 Mb (peak 0.38 Mb)
--- Starting Cplex

Version identifier: 22.1.2.0 | 2024-11-25 | 0edbb82fd
CPXPARAM_Advance                                 0
CPXPARAM_MIP_Display                             4
CPXPARAM_MIP_Pool_Capacity                       0
CPXPARAM_TimeLimit                               894.62400000001355
CPXPARAM_MIP_Tolerances_AbsMIPGap                0
CPXPARAM_MIP_Tolerances_MIPGap                   0
Generic callback                                 0x50
Tried aggregator 2 times.
MIP Presolve eliminated 1966 rows and 1937 columns.
MIP Presolve modified 824 coefficients.
Aggregator did 8 substitutions.
Reduced MIP has 557 rows, 819 columns, and 2611 nonzeros.
Reduced MIP has 7 binaries, 0 generals, 0 SOSs, and 0 indicators.
Presolve time = 0.00 sec. (4.45 ticks)
Probing time = 0.00 sec. (0.03 ticks)
Tried aggregator 1 time.
Detecting symmetries...
MIP Presolve eliminated 4 rows and 0 columns.
Reduced MIP has 553 rows, 815 columns, and 2599 nonzeros.
Reduced MIP has 7 binaries, 0 generals, 0 SOSs, and 0 indicators.
Presolve time = 0.02 sec. (1.41 ticks)
Probing time = 0.00 sec. (0.03 ticks)
MIP emphasis: balance optimality and feasibility.
MIP search method: dynamic search.
Parallel mode: deterministic, using up to 18 threads.
Parallel mode: deterministic, using up to 3 threads for parallel tasks at root LP.
Initializing dual steep norms . . .

Iteration log . . .
Iteration:     1   Dual objective     =          -108.645568
Iteration:    74   Dual objective     =           -87.393650
Root relaxation solution time = 0.00 sec. (1.60 ticks)

        Nodes                                         Cuts/
   Node  Left     Objective  IInf  Best Integer    Best Bound    ItCnt     Gap

*     0+    0                      2017687.1794     -229.0461           100.01%
Found incumbent of value 2017687.179373 after 0.02 sec. (9.16 ticks)
      0     0      -81.1795     2  2017687.1794      -81.1795       96  100.00%
      0     0      -81.1795     3  2017687.1794   ZeroHalf: 1       99  100.00%
*     0+    0                          -81.1795      -81.1795             0.00%
Found incumbent of value -81.179475 after 0.02 sec. (13.25 ticks)
      0     0      -81.1795     0      -81.1795      Fract: 1      102    0.00%
      0     0        cutoff            -81.1795      -81.1795      102    0.00%
Elapsed time = 0.03 sec. (15.87 ticks, tree = 0.01 MB)

Gomory fractional cuts applied:  1

Root node processing (before b&c):
  Real time             =    0.03 sec. (15.92 ticks)
Parallel b&c, 18 threads:
  Real time             =    0.05 sec. (0.83 ticks)
  Sync time (average)   =    0.01 sec.
  Wait time (average)   =    0.00 sec.
                          ------------
Total (root+branch&cut) =    0.08 sec. (16.75 ticks)

--- MIP status (101): integer optimal solution.
--- Cplex Time: 0.08sec (det. 16.76 ticks)

--- Returning a primal only solution to GAMS (marginals all set to NA).
--- Fixing integer variables and solving final LP...

Version identifier: 22.1.2.0 | 2024-11-25 | 0edbb82fd
CPXPARAM_Advance                                 2
CPXPARAM_MIP_Display                             4
CPXPARAM_MIP_Pool_Capacity                       0
CPXPARAM_TimeLimit                               894.62400000001355
CPXPARAM_MIP_Tolerances_AbsMIPGap                0
CPXPARAM_MIP_Tolerances_MIPGap                   0
Tried aggregator 1 time.
LP Presolve eliminated 2077 rows and 2039 columns.
Aggregator did 3 substitutions.
Reduced LP has 451 rows, 722 columns, and 2139 nonzeros.
Presolve time = 0.00 sec. (2.52 ticks)
Initializing dual steep norms . . .

Iteration log . . .
Iteration:     1   Dual objective     =          -108.751010
Iteration:    66   Dual objective     =           -89.513040

--- Fixed MIP status (1): optimal.
--- Cplex Time: 0.00sec (det. 5.15 ticks)


Proven optimal solution
MIP Solution:          -81.179475    (102 iterations, 0 nodes)
Final Solve:           -81.179475    (94 iterations)

Best possible:         -81.179475
Absolute gap:           -0.000000
Relative gap:           -0.000000

--- DICOPT: Starting major iteration 19
--- DICOPT: Setting up next NLP

CONOPT 4         52.4.0 d810124c Jan 14, 2026          WEI x86 64bit/MS Window

 
 
    C O N O P T   version 4.39.0
    Copyright (C) GAMS Software GmbH
                  GAMS Development Corporation
 
    Will use up to 4 threads.
 
 
    The user model has 1421 constraints and 575 variables
    with 5941 Jacobian elements, 1365 of which are nonlinear.
    The Hessian of the Lagrangian has 273 elements on the diagonal,
    0 elements below the diagonal, and 273 nonlinear variables.
 
    Iter Phase   Ninf   Infeasibility   RGmax      NSB   Step  InItr MX OK
       0   0          1.4529124983E+07 (Input point)
 
    The pre-triangular part of the model has 602 constraints and 28 variables.
    The post-triangular part of the model has 1 constraints and variables.
 
    Preprocessed model has 818 constraints and 546 variables
    with 2987 Jacobian elements, 544 of which are nonlinear.
 
    Iter Phase   Ninf   Infeasibility   RGmax      NSB   Step  InItr MX OK
                      8.0875669486E+04 (Full preprocessed model)
                      2.5065264799E+00 (After scaling)
                      2.5710443255E-01 (After adjusting individual variables)
       1   0          1.5407534015E-01                 1.0E+00     3 T  T
       2   0          1.5395157505E-01                 1.0E+00     1 T  T
       3   0          1.5394999325E-01                 1.0E+00     1 T  T
       4   1     270  1.4780169175E-01 2.2E+01      25 1.0E+00    25 T  T
       5   1     270  1.3900451240E-01 7.7E+01      33 4.9E-01    35 T  T
       6   1     267  1.2424560268E-01 1.5E+02      24 1.0E+00    25 T  T
       7   1     267  1.1477743384E-01 3.0E+02      24 1.0E+00    25 T  T
 
    Iter Phase   Ninf   Infeasibility   RGmax      NSB   Step  InItr MX OK
       8   1     267  1.0309307290E-01 5.0E+02      34 9.7E-01    35 T  T
       9   1     266  9.3655873029E-02 5.4E+02      25 1.0E+00    25 T  T
      10   1     265  7.7965353340E-02 8.9E+02      30 8.4E-01    35 F  F
      11   1     265  6.6278323444E-02 1.3E+02      25 9.3E-01    25 T  T
      12   1     263  6.0174489845E-02 2.0E+02      22 1.0E+00    25 T  T
      13   1     261  5.0035280004E-02 3.9E+01      30 1.0E+00    35 T  T
      14   1     259  3.1061707308E-02 1.1E+02      36 4.8E-01    45 T  T
      15   1     259  2.6154926609E-02 1.2E+02      22 2.5E-01    25 T  T
      16   1     256  2.3833474618E-02 1.2E+02      17 1.0E+00    25 T  T
      17   1     251  1.7077204269E-02 4.2E+02      24 1.0E+00    32 T  T
 
    Iter Phase   Ninf   Infeasibility   RGmax      NSB   Step  InItr MX OK
      18   1     247  1.1380757390E-02 1.7E+01      38 6.2E-01    49 T  T
      19   1     245  1.0460855976E-02 1.1E+01     223 1.0E+00    25 T  T
      20   1     242  1.0150892039E-02 2.0E+01      31 1.2E-01    35 T  T
      21   1     238  9.4178165664E-03 1.1E+01      30 1.0E+00    25 T  T
      22   1     238  9.2357628480E-03 1.7E+01     220 8.8E-02    35 T  T
      23   1     234  9.1471627532E-03 7.2E+00     219 1.0E+00     9 T  T
      24   1     230  8.3838074440E-03 1.6E+02      16 1.0E+00    14 T  T
      25   1     227  6.0908679937E-03 1.5E+02      23 1.0E+00    19 T  T
      26   1     224  4.8480546487E-03 1.5E+02      15 1.0E+00    19 T  T
      27   1     216  3.9141581605E-03 7.4E+00      17 5.9E-01    19 F  F
 
    Iter Phase   Ninf   Infeasibility   RGmax      NSB   Step  InItr MX OK
      28   1     210  3.3088787316E-03 1.5E+01      21 1.0E+00    24 T  T
      29   1     210  3.2877774267E-03 5.4E+00      24 2.4E-02    35 T  T
      30   1     207  3.1454065346E-03 6.8E+01      12 1.0E+00    10 T  T
      31   1     197  3.0738777414E-03 1.3E+01      13 1.0E+00    11 T  T
      32   1     181  2.2756866374E-03 2.1E+01      22 1.0E+00    18 T  T
      33   1     181  2.2748648751E-03 2.1E+02      13 2.1E-02    13 T  T
      34   1     181  2.2748586968E-03 5.6E+01      21 0.0E+00     7 F  F
      35   0          2.2748772067E-03                 2.2E-03
      37   1     181  2.0889299954E-03 7.7E+00     266 1.0E+00     6 T  T
      38   1     180  2.0385391875E-03 3.9E+02       5 1.0E+00     4 T  T
      39   1     178  1.8354782412E-03 3.7E+00      14 1.0E+00    17 T  T
 
    Iter Phase   Ninf   Infeasibility   RGmax      NSB   Step  InItr MX OK
      40   1     162  1.3840412096E-03 7.1E+00      24 1.0E+00    20 T  T
      41   1     154  1.1777791701E-03 3.3E+02      18 1.0E+00    36 T  T
      42   1     136  9.0208417368E-04 8.3E+00      18 1.0E+00    49 T  T
      43   1     128  4.8879509982E-04 1.8E+02      47 1.0E+00    58 T  T
      44   1      91  4.8156326390E-04 6.8E+01      56 1.9E-02    66 T  T
      45   1      74  3.5352734611E-04 2.0E+00      25 1.0E+00    10 T  T
      46   1      60  1.3555004956E-04 1.9E+00      33 1.0E+00    14 T  T
      47   1      51  1.1798467004E-04 1.6E+00      22 3.5E-01    19 F  T
      48   1      40  8.3174115010E-05 5.1E+01      28 5.5E-01    17 F  F
      49   1      28  6.4944062401E-05 7.7E+00      18 1.0E+00    22 T  T
 
    Iter Phase   Ninf   Infeasibility   RGmax      NSB   Step  InItr MX OK
      50   1      28  6.4941842159E-05 1.6E+00       6 1.0E+00    29 T  T
      51   1      24  6.1236819861E-05 9.1E+01      47 1.0E+00    12 T  T
      52   1      24  6.1201153599E-05 1.1E+01      28 1.5E-02     8 T  T
      53   1      22  5.6335691750E-05 5.7E+00      10 1.0E+00    10 T  T
      54   1      21  5.4946128859E-05 7.5E+00      15 1.0E+00    12 T  T
      55   1      21  5.4945963592E-05 1.3E-01      27 1.0E+00    19 T  T
      56   1      18  4.7048550784E-05 2.9E+00      12 1.0E+00     3 T  T
      57   1      18  4.6957506559E-05 1.1E+01      18 3.6E-02    11 T  T
      59   1      18  4.7055816323E-05 4.6E+01       4 1.5E-18     6 F  F
      60   1      18  4.7057495694E-05 5.5E+00      41 1.0E+00     4 T  T
 
    Iter Phase   Ninf   Infeasibility   RGmax      NSB   Step  InItr MX OK
      61   1      12  3.2390151690E-05 1.0E+00      39 1.0E+00     7 T  T
      62   1       8  2.2207081146E-05 9.0E+00       5 1.0E+00     6 T  T
      63   1       6  1.8755872754E-05 2.6E+02      63 1.0E+00    22 T  T
      64   1       3  8.5860442246E-06 2.9E+01      38 1.0E+00     5 T  T
      65   1       3  8.5861492259E-06 1.0E+00       2 0.0E+00       T  T
      66   1       3  8.5949019009E-06 1.0E+00       1 0.0E+00       T  T
      67   1       3  8.5949413486E-06 1.8E+01       1 0.0E+00       T  T
      68   1       3  8.5949413486E-06 1.4E+01       1 0.0E+00       T  T
      69   1       3  8.5949413486E-06 1.2E+01       1 0.0E+00       T  T
      70   1       3  8.5949413486E-06 4.1E+00       1 0.0E+00       T  T
 
    Iter Phase   Ninf   Infeasibility   RGmax      NSB   Step  InItr MX OK
      71   1       3  8.5949413486E-06 3.6E+00       1 0.0E+00       T  T
      72   1       3  8.5949413486E-06 1.5E+00       1 0.0E+00       T  T
      73   1       3  5.6952759500E-06 5.2E-04       1 1.1E+01       T  T
      74   1       2  5.0178023807E-06 5.2E-04       1 2.6E+00       T  T
      75   1       1  2.5463278191E-06 4.2E-04       5 1.4E+01       T  T
      76   1       1  2.5430704318E-06 6.1E-02      27 0.0E+00       T  T
      77   1       1  2.5430704318E-06 6.1E-02      26 0.0E+00       T  T
      78   1       1  2.5430829150E-06 6.1E-02      25 0.0E+00       T  T
      79   1       1  2.5430829150E-06 6.1E-02      24 0.0E+00       T  T
      80   1       1  2.5430829150E-06 6.1E-02      23 0.0E+00       T  T
 
    Iter Phase   Ninf   Infeasibility   RGmax      NSB   Step  InItr MX OK
      81   1       1  2.5430829150E-06 6.1E-02      22 0.0E+00       T  T
      82   1       1  2.5430704318E-06 6.1E-02      21 0.0E+00       T  T
      83   1       1  2.5430829150E-06 6.1E-02      20 0.0E+00       T  T
      84   1       1  2.5430704318E-06 6.1E-02      19 0.0E+00       T  T
      85   1       1  2.5430829150E-06 6.1E-02      18 0.0E+00       T  T
      86   1       1  2.5430829150E-06 6.1E-02      17 0.0E+00       T  T
      87   1       1  2.5430704318E-06 6.1E-02      16 0.0E+00       T  T
      88   1       1  2.5430829150E-06 6.1E-02      15 0.0E+00       T  T
      89   1       1  2.5430829150E-06 6.1E-02      14 0.0E+00       T  T
      90   1       1  2.5430829150E-06 6.1E-02      13 0.0E+00       T  T
 
    Iter Phase   Ninf   Infeasibility   RGmax      NSB   Step  InItr MX OK
      91   1       1  2.5430704318E-06 6.1E-02      12 0.0E+00       T  T
      92   1       1  2.5430829150E-06 6.1E-02      11 0.0E+00       T  T
      93   1       1  2.5430704318E-06 6.1E-02      10 0.0E+00       T  T
      94   1       1  2.5430704318E-06 6.1E-02       9 0.0E+00       T  T
      95   1       1  2.5430611364E-06 6.1E-02       8 1.5E-09       T  T
      96   1       1  2.5430645405E-06 4.2E-02       7 9.8E-10       T  T
 
 ** Feasible solution. Value of objective =   -6.56144411602
 
 ** Loss of feasibility while tightening tolerances - Return to phase 0.
 
    Iter Phase   Ninf   Infeasibility   RGmax      NSB   Step  InItr MX OK
     100   0          1.2590659451E-07
     101   1      11  1.2556464925E-07 2.1E-01      31 0.0E+00       T  T
     106   1      11  1.2556464929E-07 1.0E-01      26 0.0E+00       T  T
     111   1      11  1.2556464931E-07 6.8E-02      21 0.0E+00       T  T
     116   1      11  1.2556464931E-07 2.3E-02      16 0.0E+00       T  T
     121   1       9  5.6263769075E-08 2.6E-06      11 1.5E+02       T  T
     124   1       1  3.5929148167E-09 1.1E+00      22 1.0E+00    15 T  T
 
 ** Feasible solution. Value of objective =   -6.56458641110
 
    Iter Phase   Ninf     Objective     RGmax      NSB   Step  InItr MX OK
     125   3         -6.7461746987E+00 7.4E+03     129 6.4E-02     1 T  T
     127   3         -9.1778094751E+00 7.4E+03      10 1.0E+00     1 T  T
     129   4         -9.1774534172E+00 0.0E+00       0
 
 ** Optimal solution. There are no superbasic variables.
 
--- DICOPT: Checking convergence
--- DICOPT: Setting up next MIP
--- DICOPT: Log File:
 Major Major     Objective    CPU time  Itera- Evaluation Solver
 Step  Iter       Function     (Sec)    tions   Errors
  NLP    1      -201.18693      0.38       72      0      conopt
  MIP    1      -201.18693      0.00       93      0      cplex
  NLP    2       -12.74128<     0.06       22      0      conopt
  MIP    2       -81.17948      0.02       94      0      cplex
  NLP    3        -9.17745      0.23      129      0      conopt
  MIP    3       -81.17948      0.02       94      0      cplex
  NLP    4        -9.17745      0.22      129      0      conopt
  MIP    4       -81.17948      0.01       94      0      cplex
  NLP    5        -9.17745      0.22      129      0      conopt
  MIP    5       -81.17948      0.02       94      0      cplex
  NLP    6        -9.17745      0.22      129      0      conopt
  MIP    6       -81.17948      0.02       94      0      cplex
  NLP    7        -9.17745      0.22      129      0      conopt
  MIP    7       -81.17948      0.02       94      0      cplex
  NLP    8        -9.17745      0.22      129      0      conopt
  MIP    8       -81.17948      0.02       94      0      cplex
  NLP    9        -9.17745      0.23      129      0      conopt
  MIP    9       -81.17948      0.02       94      0      cplex
  NLP   10        -9.17745      0.22      129      0      conopt
  MIP   10       -81.17948      0.01       94      0      cplex
  NLP   11        -9.17745      0.24      129      0      conopt
  MIP   11       -81.17948      0.00       94      0      cplex
  NLP   12        -9.17745      0.23      129      0      conopt
  MIP   12       -81.17948      0.00       94      0      cplex
  NLP   13        -9.17745      0.22      129      0      conopt
  MIP   13       -81.17948      0.03       94      0      cplex
  NLP   14        -9.17745      0.42      129      0      conopt
  MIP   14       -81.17948      0.11       97      0      cplex
  NLP   15        -9.17745      0.36      129      0      conopt
  MIP   15       -81.17948      0.17       99      0      cplex
  NLP   16        -9.17745      0.33      129      0      conopt
  MIP   16       -81.17948      0.08       99      0      cplex
  NLP   17        -9.17745      0.39      129      0      conopt
  MIP   17       -81.17948      0.08       99      0      cplex
  NLP   18        -9.17745      0.36      129      0      conopt
  MIP   18       -81.17948      0.08      102      0      cplex
  NLP   19        -9.17745      0.47      129      0      conopt

IBM ILOG CPLEX   52.4.0 d810124c Jan 14, 2026          WEI x86 64bit/MS Window

--- GAMS/CPLEX licensed for continuous and discrete problems.
--- GMO setup time: 0.00s
--- Space for names approximately 0.09 Mb
--- Use option 'names no' to turn use of names off
--- GMO memory 1.60 Mb (peak 1.62 Mb)
--- Dictionary memory 0.00 Mb
--- Cplex 22.1.2.0 link memory 0.08 Mb (peak 0.38 Mb)
--- Starting Cplex

Version identifier: 22.1.2.0 | 2024-11-25 | 0edbb82fd
CPXPARAM_Advance                                 0
CPXPARAM_MIP_Display                             4
CPXPARAM_MIP_Pool_Capacity                       0
CPXPARAM_TimeLimit                               894.07699999998658
CPXPARAM_MIP_Tolerances_AbsMIPGap                0
CPXPARAM_MIP_Tolerances_MIPGap                   0
Generic callback                                 0x50
Tried aggregator 2 times.
MIP Presolve eliminated 1966 rows and 1937 columns.
MIP Presolve modified 830 coefficients.
Aggregator did 8 substitutions.
Reduced MIP has 558 rows, 819 columns, and 2618 nonzeros.
Reduced MIP has 7 binaries, 0 generals, 0 SOSs, and 0 indicators.
Presolve time = 0.00 sec. (4.46 ticks)
Probing time = 0.00 sec. (0.03 ticks)
Tried aggregator 1 time.
Detecting symmetries...
MIP Presolve eliminated 4 rows and 0 columns.
Reduced MIP has 554 rows, 815 columns, and 2606 nonzeros.
Reduced MIP has 7 binaries, 0 generals, 0 SOSs, and 0 indicators.
Presolve time = 0.00 sec. (1.41 ticks)
Probing time = 0.00 sec. (0.03 ticks)
MIP emphasis: balance optimality and feasibility.
MIP search method: dynamic search.
Parallel mode: deterministic, using up to 18 threads.
Parallel mode: deterministic, using up to 3 threads for parallel tasks at root LP.
Initializing dual steep norms . . .

Iteration log . . .
Iteration:     1   Dual objective     =          -108.645568
Iteration:    74   Dual objective     =           -87.393650
Root relaxation solution time = 0.00 sec. (1.60 ticks)

        Nodes                                         Cuts/
   Node  Left     Objective  IInf  Best Integer    Best Bound    ItCnt     Gap

*     0+    0                      2017687.1794     -229.0461           100.01%
Found incumbent of value 2017687.179373 after 0.02 sec. (9.19 ticks)
      0     0      -81.1795     2  2017687.1794      -81.1795       96  100.00%
      0     0      -81.1795     3  2017687.1794   ZeroHalf: 1       99  100.00%
*     0     0      integral     0      -81.1795      Fract: 1      103    0.00%
Found incumbent of value -81.179475 after 0.02 sec. (15.00 ticks)
      0     0        cutoff            -81.1795      -81.1795      103    0.00%
Elapsed time = 0.05 sec. (15.03 ticks, tree = 0.01 MB)

Root node processing (before b&c):
  Real time             =    0.05 sec. (15.08 ticks)
Parallel b&c, 18 threads:
  Real time             =    0.03 sec. (0.83 ticks)
  Sync time (average)   =    0.03 sec.
  Wait time (average)   =    0.00 sec.
                          ------------
Total (root+branch&cut) =    0.08 sec. (15.91 ticks)

--- MIP status (101): integer optimal solution.
--- Cplex Time: 0.08sec (det. 15.91 ticks)

--- Returning a primal only solution to GAMS (marginals all set to NA).
--- Fixing integer variables and solving final LP...

Version identifier: 22.1.2.0 | 2024-11-25 | 0edbb82fd
CPXPARAM_Advance                                 2
CPXPARAM_MIP_Display                             4
CPXPARAM_MIP_Pool_Capacity                       0
CPXPARAM_TimeLimit                               894.07699999998658
CPXPARAM_MIP_Tolerances_AbsMIPGap                0
CPXPARAM_MIP_Tolerances_MIPGap                   0
Tried aggregator 1 time.
LP Presolve eliminated 2078 rows and 2039 columns.
Aggregator did 3 substitutions.
Reduced LP has 451 rows, 722 columns, and 2139 nonzeros.
Presolve time = 0.00 sec. (2.52 ticks)
Initializing dual steep norms . . .

Iteration log . . .
Iteration:     1   Dual objective     =          -108.751010
Iteration:    66   Dual objective     =           -89.513040

--- Fixed MIP status (1): optimal.
--- Cplex Time: 0.00sec (det. 5.15 ticks)


Proven optimal solution
MIP Solution:          -81.179475    (103 iterations, 0 nodes)
Final Solve:           -81.179475    (94 iterations)

Best possible:         -81.179475
Absolute gap:           -0.000000
Relative gap:           -0.000000

--- DICOPT: Starting major iteration 20
--- DICOPT: Setting up next NLP

CONOPT 4         52.4.0 d810124c Jan 14, 2026          WEI x86 64bit/MS Window

 
 
    C O N O P T   version 4.39.0
    Copyright (C) GAMS Software GmbH
                  GAMS Development Corporation
 
    Will use up to 4 threads.
 
 
    The user model has 1421 constraints and 575 variables
    with 5941 Jacobian elements, 1365 of which are nonlinear.
    The Hessian of the Lagrangian has 273 elements on the diagonal,
    0 elements below the diagonal, and 273 nonlinear variables.
 
    Iter Phase   Ninf   Infeasibility   RGmax      NSB   Step  InItr MX OK
       0   0          1.4529124983E+07 (Input point)
 
    The pre-triangular part of the model has 602 constraints and 28 variables.
    The post-triangular part of the model has 1 constraints and variables.
 
    Preprocessed model has 818 constraints and 546 variables
    with 2987 Jacobian elements, 544 of which are nonlinear.
 
    Iter Phase   Ninf   Infeasibility   RGmax      NSB   Step  InItr MX OK
                      8.0875669486E+04 (Full preprocessed model)
                      2.5065264799E+00 (After scaling)
                      2.5710443255E-01 (After adjusting individual variables)
       1   0          1.5407534015E-01                 1.0E+00     3 T  T
       2   0          1.5395157505E-01                 1.0E+00     1 T  T
       3   0          1.5394999325E-01                 1.0E+00     1 T  T
       4   1     270  1.4780169175E-01 2.2E+01      25 1.0E+00    25 T  T
       5   1     270  1.3900451240E-01 7.7E+01      33 4.9E-01    35 T  T
       6   1     267  1.2424560268E-01 1.5E+02      24 1.0E+00    25 T  T
       7   1     267  1.1477743384E-01 3.0E+02      24 1.0E+00    25 T  T
 
    Iter Phase   Ninf   Infeasibility   RGmax      NSB   Step  InItr MX OK
       8   1     267  1.0309307290E-01 5.0E+02      34 9.7E-01    35 T  T
       9   1     266  9.3655873029E-02 5.4E+02      25 1.0E+00    25 T  T
      10   1     265  7.7965353340E-02 8.9E+02      30 8.4E-01    35 F  F
      11   1     265  6.6278323444E-02 1.3E+02      25 9.3E-01    25 T  T
      12   1     263  6.0174489845E-02 2.0E+02      22 1.0E+00    25 T  T
      13   1     261  5.0035280004E-02 3.9E+01      30 1.0E+00    35 T  T
      14   1     259  3.1061707308E-02 1.1E+02      36 4.8E-01    45 T  T
      15   1     259  2.6154926609E-02 1.2E+02      22 2.5E-01    25 T  T
      16   1     256  2.3833474618E-02 1.2E+02      17 1.0E+00    25 T  T
      17   1     251  1.7077204269E-02 4.2E+02      24 1.0E+00    32 T  T
 
    Iter Phase   Ninf   Infeasibility   RGmax      NSB   Step  InItr MX OK
      18   1     247  1.1380757390E-02 1.7E+01      38 6.2E-01    49 T  T
      19   1     245  1.0460855976E-02 1.1E+01     223 1.0E+00    25 T  T
      20   1     242  1.0150892039E-02 2.0E+01      31 1.2E-01    35 T  T
      21   1     238  9.4178165664E-03 1.1E+01      30 1.0E+00    25 T  T
      22   1     238  9.2357628480E-03 1.7E+01     220 8.8E-02    35 T  T
      23   1     234  9.1471627532E-03 7.2E+00     219 1.0E+00     9 T  T
      24   1     230  8.3838074440E-03 1.6E+02      16 1.0E+00    14 T  T
      25   1     227  6.0908679937E-03 1.5E+02      23 1.0E+00    19 T  T
      26   1     224  4.8480546487E-03 1.5E+02      15 1.0E+00    19 T  T
      27   1     216  3.9141581605E-03 7.4E+00      17 5.9E-01    19 F  F
 
    Iter Phase   Ninf   Infeasibility   RGmax      NSB   Step  InItr MX OK
      28   1     210  3.3088787316E-03 1.5E+01      21 1.0E+00    24 T  T
      29   1     210  3.2877774267E-03 5.4E+00      24 2.4E-02    35 T  T
      30   1     207  3.1454065346E-03 6.8E+01      12 1.0E+00    10 T  T
      31   1     197  3.0738777414E-03 1.3E+01      13 1.0E+00    11 T  T
      32   1     181  2.2756866374E-03 2.1E+01      22 1.0E+00    18 T  T
      33   1     181  2.2748648751E-03 2.1E+02      13 2.1E-02    13 T  T
      34   1     181  2.2748586968E-03 5.6E+01      21 0.0E+00     7 F  F
      35   0          2.2748772067E-03                 2.2E-03
      37   1     181  2.0889299954E-03 7.7E+00     266 1.0E+00     6 T  T
      38   1     180  2.0385391875E-03 3.9E+02       5 1.0E+00     4 T  T
      39   1     178  1.8354782412E-03 3.7E+00      14 1.0E+00    17 T  T
 
    Iter Phase   Ninf   Infeasibility   RGmax      NSB   Step  InItr MX OK
      40   1     162  1.3840412096E-03 7.1E+00      24 1.0E+00    20 T  T
      41   1     154  1.1777791701E-03 3.3E+02      18 1.0E+00    36 T  T
      42   1     136  9.0208417368E-04 8.3E+00      18 1.0E+00    49 T  T
      43   1     128  4.8879509982E-04 1.8E+02      47 1.0E+00    58 T  T
      44   1      91  4.8156326390E-04 6.8E+01      56 1.9E-02    66 T  T
      45   1      74  3.5352734611E-04 2.0E+00      25 1.0E+00    10 T  T
      46   1      60  1.3555004956E-04 1.9E+00      33 1.0E+00    14 T  T
      47   1      51  1.1798467004E-04 1.6E+00      22 3.5E-01    19 F  T
      48   1      40  8.3174115010E-05 5.1E+01      28 5.5E-01    17 F  F
      49   1      28  6.4944062401E-05 7.7E+00      18 1.0E+00    22 T  T
 
    Iter Phase   Ninf   Infeasibility   RGmax      NSB   Step  InItr MX OK
      50   1      28  6.4941842159E-05 1.6E+00       6 1.0E+00    29 T  T
      51   1      24  6.1236819861E-05 9.1E+01      47 1.0E+00    12 T  T
      52   1      24  6.1201153599E-05 1.1E+01      28 1.5E-02     8 T  T
      53   1      22  5.6335691750E-05 5.7E+00      10 1.0E+00    10 T  T
      54   1      21  5.4946128859E-05 7.5E+00      15 1.0E+00    12 T  T
      55   1      21  5.4945963592E-05 1.3E-01      27 1.0E+00    19 T  T
      56   1      18  4.7048550784E-05 2.9E+00      12 1.0E+00     3 T  T
      57   1      18  4.6957506559E-05 1.1E+01      18 3.6E-02    11 T  T
      59   1      18  4.7055816323E-05 4.6E+01       4 1.5E-18     6 F  F
      60   1      18  4.7057495694E-05 5.5E+00      41 1.0E+00     4 T  T
 
    Iter Phase   Ninf   Infeasibility   RGmax      NSB   Step  InItr MX OK
      61   1      12  3.2390151690E-05 1.0E+00      39 1.0E+00     7 T  T
      62   1       8  2.2207081146E-05 9.0E+00       5 1.0E+00     6 T  T
      63   1       6  1.8755872754E-05 2.6E+02      63 1.0E+00    22 T  T
      64   1       3  8.5860442246E-06 2.9E+01      38 1.0E+00     5 T  T
      65   1       3  8.5861492259E-06 1.0E+00       2 0.0E+00       T  T
      66   1       3  8.5949019009E-06 1.0E+00       1 0.0E+00       T  T
      67   1       3  8.5949413486E-06 1.8E+01       1 0.0E+00       T  T
      68   1       3  8.5949413486E-06 1.4E+01       1 0.0E+00       T  T
      69   1       3  8.5949413486E-06 1.2E+01       1 0.0E+00       T  T
      70   1       3  8.5949413486E-06 4.1E+00       1 0.0E+00       T  T
 
    Iter Phase   Ninf   Infeasibility   RGmax      NSB   Step  InItr MX OK
      71   1       3  8.5949413486E-06 3.6E+00       1 0.0E+00       T  T
      72   1       3  8.5949413486E-06 1.5E+00       1 0.0E+00       T  T
      73   1       3  5.6952759500E-06 5.2E-04       1 1.1E+01       T  T
      74   1       2  5.0178023807E-06 5.2E-04       1 2.6E+00       T  T
      75   1       1  2.5463278191E-06 4.2E-04       5 1.4E+01       T  T
      76   1       1  2.5430704318E-06 6.1E-02      27 0.0E+00       T  T
      77   1       1  2.5430704318E-06 6.1E-02      26 0.0E+00       T  T
      78   1       1  2.5430829150E-06 6.1E-02      25 0.0E+00       T  T
      79   1       1  2.5430829150E-06 6.1E-02      24 0.0E+00       T  T
      80   1       1  2.5430829150E-06 6.1E-02      23 0.0E+00       T  T
 
    Iter Phase   Ninf   Infeasibility   RGmax      NSB   Step  InItr MX OK
      81   1       1  2.5430829150E-06 6.1E-02      22 0.0E+00       T  T
      82   1       1  2.5430704318E-06 6.1E-02      21 0.0E+00       T  T
      83   1       1  2.5430829150E-06 6.1E-02      20 0.0E+00       T  T
      84   1       1  2.5430704318E-06 6.1E-02      19 0.0E+00       T  T
      85   1       1  2.5430829150E-06 6.1E-02      18 0.0E+00       T  T
      86   1       1  2.5430829150E-06 6.1E-02      17 0.0E+00       T  T
      87   1       1  2.5430704318E-06 6.1E-02      16 0.0E+00       T  T
      88   1       1  2.5430829150E-06 6.1E-02      15 0.0E+00       T  T
      89   1       1  2.5430829150E-06 6.1E-02      14 0.0E+00       T  T
      90   1       1  2.5430829150E-06 6.1E-02      13 0.0E+00       T  T
 
    Iter Phase   Ninf   Infeasibility   RGmax      NSB   Step  InItr MX OK
      91   1       1  2.5430704318E-06 6.1E-02      12 0.0E+00       T  T
      92   1       1  2.5430829150E-06 6.1E-02      11 0.0E+00       T  T
      93   1       1  2.5430704318E-06 6.1E-02      10 0.0E+00       T  T
      94   1       1  2.5430704318E-06 6.1E-02       9 0.0E+00       T  T
      95   1       1  2.5430611364E-06 6.1E-02       8 1.5E-09       T  T
      96   1       1  2.5430645405E-06 4.2E-02       7 9.8E-10       T  T
 
 ** Feasible solution. Value of objective =   -6.56144411602
 
 ** Loss of feasibility while tightening tolerances - Return to phase 0.
 
    Iter Phase   Ninf   Infeasibility   RGmax      NSB   Step  InItr MX OK
     100   0          1.2590659451E-07
     101   1      11  1.2556464925E-07 2.1E-01      31 0.0E+00       T  T
     106   1      11  1.2556464929E-07 1.0E-01      26 0.0E+00       T  T
     111   1      11  1.2556464931E-07 6.8E-02      21 0.0E+00       T  T
     116   1      11  1.2556464931E-07 2.3E-02      16 0.0E+00       T  T
     121   1       9  5.6263769075E-08 2.6E-06      11 1.5E+02       T  T
     124   1       1  3.5929148167E-09 1.1E+00      22 1.0E+00    15 T  T
 
 ** Feasible solution. Value of objective =   -6.56458641110
 
    Iter Phase   Ninf     Objective     RGmax      NSB   Step  InItr MX OK
     125   3         -6.7461746987E+00 7.4E+03     129 6.4E-02     1 T  T
     127   3         -9.1778094751E+00 7.4E+03      10 1.0E+00     1 T  T
     129   4         -9.1774534172E+00 0.0E+00       0
 
 ** Optimal solution. There are no superbasic variables.
 
--- DICOPT: Checking convergence
--- DICOPT: Maximum number of major iterations (20) exceeded

--- DICOPT: Log File:
 Major Major     Objective    CPU time  Itera- Evaluation Solver
 Step  Iter       Function     (Sec)    tions   Errors
  NLP    1      -201.18693      0.38       72      0      conopt
  MIP    1      -201.18693      0.00       93      0      cplex
  NLP    2       -12.74128<     0.06       22      0      conopt
  MIP    2       -81.17948      0.02       94      0      cplex
  NLP    3        -9.17745      0.23      129      0      conopt
  MIP    3       -81.17948      0.02       94      0      cplex
  NLP    4        -9.17745      0.22      129      0      conopt
  MIP    4       -81.17948      0.01       94      0      cplex
  NLP    5        -9.17745      0.22      129      0      conopt
  MIP    5       -81.17948      0.02       94      0      cplex
  NLP    6        -9.17745      0.22      129      0      conopt
  MIP    6       -81.17948      0.02       94      0      cplex
  NLP    7        -9.17745      0.22      129      0      conopt
  MIP    7       -81.17948      0.02       94      0      cplex
  NLP    8        -9.17745      0.22      129      0      conopt
  MIP    8       -81.17948      0.02       94      0      cplex
  NLP    9        -9.17745      0.23      129      0      conopt
  MIP    9       -81.17948      0.02       94      0      cplex
  NLP   10        -9.17745      0.22      129      0      conopt
  MIP   10       -81.17948      0.01       94      0      cplex
  NLP   11        -9.17745      0.24      129      0      conopt
  MIP   11       -81.17948      0.00       94      0      cplex
  NLP   12        -9.17745      0.23      129      0      conopt
  MIP   12       -81.17948      0.00       94      0      cplex
  NLP   13        -9.17745      0.22      129      0      conopt
  MIP   13       -81.17948      0.03       94      0      cplex
  NLP   14        -9.17745      0.42      129      0      conopt
  MIP   14       -81.17948      0.11       97      0      cplex
  NLP   15        -9.17745      0.36      129      0      conopt
  MIP   15       -81.17948      0.17       99      0      cplex
  NLP   16        -9.17745      0.33      129      0      conopt
  MIP   16       -81.17948      0.08       99      0      cplex
  NLP   17        -9.17745      0.39      129      0      conopt
  MIP   17       -81.17948      0.08       99      0      cplex
  NLP   18        -9.17745      0.36      129      0      conopt
  MIP   18       -81.17948      0.08      102      0      cplex
  NLP   19        -9.17745      0.47      129      0      conopt
  MIP   19       -81.17948      0.08      103      0      cplex
  NLP   20        -9.17745      0.55      129      0      conopt
--- DICOPT: Terminating...
--- DICOPT: Stopped on MAXCYCLES

      The search was stopped because the major iteration limit
      was reached. This limit can be reset with the DICOPT
      option MAXCYCLES.

--- DICOPT: Best integer solution found: -12.741278
--- Reading solution for model GAMS_MODEL
--- Executing after solve: elapsed 0:00:07.522
--- model.gms(4273) 4 Mb
--- model.gms(6319) 6 Mb
--- Putfile results C:\Users\wcl-1\AppData\Local\Temp\tmpwz00_bri\results.dat
--- Putfile statresults C:\Users\wcl-1\AppData\Local\Temp\tmpwz00_bri\resultsstat.dat
*** Status: Normal completion
--- Job model.gms Stop 02/13/26 13:00:28 elapsed 0:00:07.536

Problem: 
- Name: C\x3a\Users\wcl-1\AppData\Local\Temp\tmpwz00_bri\model.gms
  Lower bound: -81.17947546551105
  Upper bound: -12.741278471463575
  Number of objectives: 1
  Number of constraints: 1421.0
  Number of variables: 575.0
  Number of binary variables: None
  Number of integer variables: 27.0
  Number of continuous variables: 548.0
  Number of nonzeros: 5941.0
  Sense: minimize
Solver: 
- Name: GAMS (52, 4, 0, 0)
  Status: ok
  Return code: 0
  Message: None
  User time: 7.489999732933939
  System time: None
  Wallclock time: None
  Termination condition: optimal
  Termination message: None
Solution: 
- number of solutions: 0
  number of solutions displayed: 0

